sample_id,predicted_label,feature,shap_value
0,NO,encounter_id,0.07176224183705117
0,NO,patient_nbr,-0.011201544147398731
0,NO,race,-0.00141352539261184
0,NO,gender,-0.0010439743184381307
0,NO,age,3.2714257637659706e-05
0,NO,weight,0.0010396163496705912
0,NO,admission_type_id,0.0004048053589132035
0,NO,discharge_disposition_id,-0.020044184393352944
0,NO,admission_source_id,-0.003368444533811632
0,NO,time_in_hospital,-3.640602032343546e-05
0,NO,payer_code,-0.0031629533817370916
0,NO,medical_specialty,-0.001596607060896038
0,NO,num_lab_procedures,0.0002702484942144571
0,NO,num_procedures,-0.000838262132472456
0,NO,num_medications,-0.0022664844161934075
0,NO,number_outpatient,0.0005691624763939362
0,NO,number_emergency,0.0
0,NO,number_inpatient,0.0021639070991012845
0,NO,diag_1,0.0
0,NO,diag_2,-0.0012341369357373733
0,NO,diag_3,0.0
0,NO,number_diagnoses,-0.00246674029363525
0,NO,max_glu_serum,0.0
0,NO,A1Cresult,0.00013650084535280863
0,NO,metformin,-0.0005189337664180208
0,NO,repaglinide,0.0
0,NO,nateglinide,0.0
0,NO,chlorpropamide,0.0
0,NO,glimepiride,0.000578430998656491
0,NO,acetohexamide,0.0
0,NO,glipizide,0.0
0,NO,glyburide,4.0127585331783955e-06
0,NO,tolbutamide,0.0
0,NO,pioglitazone,0.0001963910957177665
0,NO,rosiglitazone,0.0
0,NO,acarbose,0.0
0,NO,miglitol,0.0
0,NO,tolazamide,0.0
0,NO,insulin,0.0011436978562010536
0,NO,glyburide-metformin,0.0
0,NO,change,-0.0002184541275104072
0,NO,diabetesMed,-0.0036367964413430895
0,NO,age_mid,-0.0008558715797132854
0,NO,weight_mid,0.00012996916969619057
0,NO,weight_missing_flag,0.0008148112230830599
0,NO,is_missing__race,-0.0014691729512479508
0,NO,is_missing__payer_code,-0.0008644345733854383
0,NO,is_missing__medical_specialty,-0.001852940561042904
0,NO,is_missing__diag_1,0.0
0,NO,is_missing__diag_2,0.0
0,NO,is_missing__diag_3,0.0
0,NO,is_missing__max_glu_serum,0.0
0,NO,is_missing__A1Cresult,0.00027002952992912405
0,NO,weight_observed,0.0010682067109479092
0,NO,max_glu_serum_observed,0.0
0,NO,A1Cresult_observed,-0.00015105100141632466
0,NO,diag_1_group,0.0015184997270504448
0,NO,diag_2_group,0.001312400731775502
0,NO,diag_3_group,-0.0007909165902270457
0,NO,diag_group_unique_count,-0.0010311649077468694
0,NO,has_diabetes_diag,0.0014069272826115105
0,NO,has_circulatory_diag,0.0024535239984591986
0,NO,has_respiratory_diag,0.0003519879861009952
0,NO,has_digestive_diag,0.0002389612297217051
0,NO,total_utilization,0.003852654869357708
0,NO,acute_utilization,0.0014931841029061272
0,NO,emergency_inpatient_ratio,0.003912511592109998
0,NO,is_high_utilizer,0.00029100663959983714
0,NO,treatment_intensity,0.0009667384955617994
0,NO,lab_proc_ratio,-0.003480413928627931
0,NO,med_lab_ratio,7.745871941248576e-05
0,NO,lab_per_day,-7.230602204801502e-05
0,NO,medications_per_day,-0.0018607835388845622
0,NO,diagnoses_per_day,-0.00011968571278786477
0,NO,long_stay_flag,0.0003202480988370171
0,NO,very_long_stay_flag,-2.997658318944681e-05
0,NO,complexity_index,-0.0009579043835401535
0,NO,med_up_count,0.0002207350399759204
0,NO,med_down_count,-0.00010052323341369629
0,NO,med_steady_count,-0.0006778391285075144
0,NO,med_no_count,-0.0009574770099586664
0,NO,med_changed_count,-0.0001561248468027928
0,NO,any_med_change_flag,-0.0001205719179577236
0,NO,on_insulin_flag,0.0014219925635390873
0,NO,insulin_changed_flag,0.000415326613518933
0,NO,pca_component_1,-0.0011613176514705021
0,NO,pca_component_2,-0.00023850715822643087
0,NO,pca_component_3,-0.0009824621180693678
0,NO,pca_component_4,-0.0006458945572376437
0,NO,pca_component_5,0.0006858435355954947
0,NO,pca_component_6,0.0004946612235572542
0,NO,pca_component_7,0.0010520132879416333
0,NO,pca_component_8,-9.93868129121056e-05
0,NO,pca_cluster,-0.00013639798594846284
1,NO,encounter_id,-0.010506120820840181
1,NO,patient_nbr,-0.026409922788540503
1,NO,race,-0.004259941064649127
1,NO,gender,-0.00251816378699408
1,NO,age,0.004785395123892329
1,NO,weight,0.0012200853476921718
1,NO,admission_type_id,0.0017264282537831261
1,NO,discharge_disposition_id,-0.015441053443484842
1,NO,admission_source_id,-0.0030383838133679433
1,NO,time_in_hospital,0.00023713894188405935
1,NO,payer_code,0.0008996035903692431
1,NO,medical_specialty,-0.01008200003869005
1,NO,num_lab_procedures,-0.001490926576985241
1,NO,num_procedures,-1.3655051589012146e-05
1,NO,num_medications,0.010762242807282349
1,NO,number_outpatient,0.0005721396042240867
1,NO,number_emergency,0.0
1,NO,number_inpatient,0.002577023994591495
1,NO,diag_1,-4.139211381056403e-10
1,NO,diag_2,-0.004413483043511672
1,NO,diag_3,0.0
1,NO,number_diagnoses,-0.0014526560488674252
1,NO,max_glu_serum,0.0
1,NO,A1Cresult,0.0007402818236086165
1,NO,metformin,-0.0003960424413283481
1,NO,repaglinide,0.0
1,NO,nateglinide,0.0
1,NO,chlorpropamide,0.0
1,NO,glimepiride,0.00037678703665735186
1,NO,acetohexamide,0.0
1,NO,glipizide,0.0
1,NO,glyburide,-0.00011729117896822998
1,NO,tolbutamide,0.0
1,NO,pioglitazone,0.00010842167668869325
1,NO,rosiglitazone,0.0
1,NO,acarbose,0.0
1,NO,miglitol,0.0
1,NO,tolazamide,0.0
1,NO,insulin,0.0009063140799601873
1,NO,glyburide-metformin,0.0
1,NO,change,-0.0008029401716258359
1,NO,diabetesMed,-0.004919447832637387
1,NO,age_mid,0.0016066160880857105
1,NO,weight_mid,-3.487782345878987e-05
1,NO,weight_missing_flag,0.0005384733279546102
1,NO,is_missing__race,-0.0024116763638125462
1,NO,is_missing__payer_code,-8.088619344766752e-05
1,NO,is_missing__medical_specialty,0.0011205727027522316
1,NO,is_missing__diag_1,0.0
1,NO,is_missing__diag_2,0.0
1,NO,is_missing__diag_3,0.0
1,NO,is_missing__max_glu_serum,0.0
1,NO,is_missing__A1Cresult,0.0004206693006886623
1,NO,weight_observed,0.0009513484934965585
1,NO,max_glu_serum_observed,0.0
1,NO,A1Cresult_observed,3.283263908491577e-05
1,NO,diag_1_group,0.003265065451463082
1,NO,diag_2_group,-0.000805994495749455
1,NO,diag_3_group,-1.4775122205434865e-05
1,NO,diag_group_unique_count,-0.0017917725361056107
1,NO,has_diabetes_diag,0.00231165480282571
1,NO,has_circulatory_diag,0.003589737746450624
1,NO,has_respiratory_diag,-0.00015705223712655
1,NO,has_digestive_diag,0.00012172634402910869
1,NO,total_utilization,0.005723877085579754
1,NO,acute_utilization,0.0024647255324654984
1,NO,emergency_inpatient_ratio,0.004269692425926526
1,NO,is_high_utilizer,0.00010764598846435547
1,NO,treatment_intensity,9.562861588265544e-05
1,NO,lab_proc_ratio,0.0017573541651169273
1,NO,med_lab_ratio,0.005941448526249986
1,NO,lab_per_day,-0.00030064334472020465
1,NO,medications_per_day,0.003872368277774929
1,NO,diagnoses_per_day,-0.0011158113678296406
1,NO,long_stay_flag,0.0013915712220801308
1,NO,very_long_stay_flag,-8.564111259249756e-05
1,NO,complexity_index,0.0015484305719534741
1,NO,med_up_count,0.00020021345052456674
1,NO,med_down_count,-0.00010719584921997649
1,NO,med_steady_count,-0.0008693678925434748
1,NO,med_no_count,-0.0009484268310997468
1,NO,med_changed_count,-0.0002437550574541092
1,NO,any_med_change_flag,0.00039825898905593293
1,NO,on_insulin_flag,-0.0023050519327322827
1,NO,insulin_changed_flag,0.0005949197543991813
1,NO,pca_component_1,0.0019837888992494945
1,NO,pca_component_2,-0.0007833590110143026
1,NO,pca_component_3,0.00016442417270608653
1,NO,pca_component_4,0.0010557665179173152
1,NO,pca_component_5,0.0007941989849010919
1,NO,pca_component_6,0.0001348445398940227
1,NO,pca_component_7,-0.0012567984975046704
1,NO,pca_component_8,0.0023781127399868374
1,NO,pca_cluster,0.0006903511368565965
2,NO,encounter_id,-0.006894730859332602
2,NO,patient_nbr,0.011459500011470577
2,NO,race,0.0006638587348991217
2,NO,gender,-0.0013173133548763
2,NO,age,0.007694579453931945
2,NO,weight,-0.008230002390013794
2,NO,admission_type_id,0.0006944566137260799
2,NO,discharge_disposition_id,-0.009105235752132216
2,NO,admission_source_id,0.023142810497019033
2,NO,time_in_hospital,-0.0012735035270452684
2,NO,payer_code,0.00035511122809515444
2,NO,medical_specialty,0.0001642670896318347
2,NO,num_lab_procedures,0.0012617554101679307
2,NO,num_procedures,0.000613598773876789
2,NO,num_medications,-0.0005741491913795471
2,NO,number_outpatient,0.0006245341565873826
2,NO,number_emergency,0.0
2,NO,number_inpatient,0.0011217082954115276
2,NO,diag_1,0.0
2,NO,diag_2,-0.008102865682707905
2,NO,diag_3,0.0
2,NO,number_diagnoses,-0.002233663573861122
2,NO,max_glu_serum,0.0
2,NO,A1Cresult,0.00037948911388715106
2,NO,metformin,-0.00028966636293464854
2,NO,repaglinide,0.0
2,NO,nateglinide,0.0
2,NO,chlorpropamide,0.0
2,NO,glimepiride,0.00015919241640305337
2,NO,acetohexamide,0.0
2,NO,glipizide,0.0
2,NO,glyburide,-0.00017828411526149557
2,NO,tolbutamide,0.0
2,NO,pioglitazone,0.000496587198641559
2,NO,rosiglitazone,0.0
2,NO,acarbose,0.0
2,NO,miglitol,0.0
2,NO,tolazamide,0.0
2,NO,insulin,0.0005848554687367669
2,NO,glyburide-metformin,0.0
2,NO,change,0.00017431295580335368
2,NO,diabetesMed,0.010525789111852665
2,NO,age_mid,0.007678171205851736
2,NO,weight_mid,0.00209107167190975
2,NO,weight_missing_flag,-0.009458002530866186
2,NO,is_missing__race,-0.001227933499548158
2,NO,is_missing__payer_code,0.0001693872941864738
2,NO,is_missing__medical_specialty,0.000787504431274196
2,NO,is_missing__diag_1,0.0
2,NO,is_missing__diag_2,0.0
2,NO,is_missing__diag_3,0.0
2,NO,is_missing__max_glu_serum,0.0
2,NO,is_missing__A1Cresult,0.0004706819438272114
2,NO,weight_observed,-0.010263082881768545
2,NO,max_glu_serum_observed,0.0
2,NO,A1Cresult_observed,0.0007550223833984552
2,NO,diag_1_group,-0.001810939775572858
2,NO,diag_2_group,-0.001154361706640979
2,NO,diag_3_group,0.002391313927041172
2,NO,diag_group_unique_count,0.0005710694111055922
2,NO,has_diabetes_diag,0.002033018403583072
2,NO,has_circulatory_diag,0.00021273394425711892
2,NO,has_respiratory_diag,-0.00020811334252355632
2,NO,has_digestive_diag,0.00031215035253099693
2,NO,total_utilization,0.004187902228699784
2,NO,acute_utilization,0.0013905985073911127
2,NO,emergency_inpatient_ratio,0.0019423168980413075
2,NO,is_high_utilizer,0.0008990921907954808
2,NO,treatment_intensity,-0.0006815776642825807
2,NO,lab_proc_ratio,0.0007337131020095367
2,NO,med_lab_ratio,0.0005522831860515868
2,NO,lab_per_day,-0.00010882587068609488
2,NO,medications_per_day,0.001969447359442674
2,NO,diagnoses_per_day,0.0012779569046365014
2,NO,long_stay_flag,-0.003959276196029464
2,NO,very_long_stay_flag,-0.00014853311909570252
2,NO,complexity_index,-0.0016608718368742077
2,NO,med_up_count,0.00020162968171968018
2,NO,med_down_count,9.489907986591033e-05
2,NO,med_steady_count,0.001542779720491827
2,NO,med_no_count,0.0027634118580155595
2,NO,med_changed_count,-0.00015279981825089273
2,NO,any_med_change_flag,3.250026040605795e-05
2,NO,on_insulin_flag,-0.001950422094927906
2,NO,insulin_changed_flag,0.00046182299653690917
2,NO,pca_component_1,-0.0017409769611226495
2,NO,pca_component_2,0.0026237625214788896
2,NO,pca_component_3,-0.0029829831586943856
2,NO,pca_component_4,-0.007168184344967206
2,NO,pca_component_5,-0.004966231683890043
2,NO,pca_component_6,-0.006553766628106454
2,NO,pca_component_7,-0.0015319666514794033
2,NO,pca_component_8,0.00042116807566746256
2,NO,pca_cluster,-0.0036142060740126567
3,NO,encounter_id,0.007185780753691963
3,NO,patient_nbr,-0.033581962602006056
3,NO,race,-0.0019419251216782525
3,NO,gender,-0.001536616227692994
3,NO,age,-6.31954107019328e-05
3,NO,weight,0.0013082511723041534
3,NO,admission_type_id,-0.003269712958070973
3,NO,discharge_disposition_id,-0.019309472913543374
3,NO,admission_source_id,0.002039229497313518
3,NO,time_in_hospital,-0.0008929959601825799
3,NO,payer_code,-0.0021770250880055833
3,NO,medical_specialty,-0.004053969971007765
3,NO,num_lab_procedures,0.0002376538597874863
3,NO,num_procedures,-0.0016471017152071183
3,NO,num_medications,-0.00162730221119195
3,NO,number_outpatient,0.0007814373821020404
3,NO,number_emergency,0.0
3,NO,number_inpatient,-0.004033435963922101
3,NO,diag_1,0.0
3,NO,diag_2,-0.01323743702636824
3,NO,diag_3,0.0
3,NO,number_diagnoses,-0.0038245105081134434
3,NO,max_glu_serum,0.0
3,NO,A1Cresult,-0.0021502338349819092
3,NO,metformin,0.00022626585430569426
3,NO,repaglinide,0.0
3,NO,nateglinide,0.0
3,NO,chlorpropamide,0.0
3,NO,glimepiride,0.00013426505029201508
3,NO,acetohexamide,0.0
3,NO,glipizide,0.0
3,NO,glyburide,4.8834830522500226e-05
3,NO,tolbutamide,0.0
3,NO,pioglitazone,0.0002467135588328044
3,NO,rosiglitazone,0.0
3,NO,acarbose,0.0
3,NO,miglitol,0.0
3,NO,tolazamide,0.0
3,NO,insulin,0.000873507724867939
3,NO,glyburide-metformin,0.0
3,NO,change,0.0004163330627812156
3,NO,diabetesMed,-0.003616330317325056
3,NO,age_mid,0.00013855430814951886
3,NO,weight_mid,2.0234121216692696e-05
3,NO,weight_missing_flag,0.0007789112213584989
3,NO,is_missing__race,-0.0021217297762632092
3,NO,is_missing__payer_code,-0.0033436208549472526
3,NO,is_missing__medical_specialty,0.0008367573221524557
3,NO,is_missing__diag_1,0.0
3,NO,is_missing__diag_2,0.0
3,NO,is_missing__diag_3,0.0
3,NO,is_missing__max_glu_serum,0.0
3,NO,is_missing__A1Cresult,-0.002310618965162196
3,NO,weight_observed,0.000648886586228988
3,NO,max_glu_serum_observed,0.0
3,NO,A1Cresult_observed,-0.002209085143274734
3,NO,diag_1_group,0.0022897885905371804
3,NO,diag_2_group,0.0023060236126184555
3,NO,diag_3_group,0.003019317777620406
3,NO,diag_group_unique_count,-0.0007337277962101707
3,NO,has_diabetes_diag,0.0015633493247959411
3,NO,has_circulatory_diag,0.002413981490665009
3,NO,has_respiratory_diag,9.518634113999298e-05
3,NO,has_digestive_diag,8.841500514084055e-05
3,NO,total_utilization,-0.008998479694128056
3,NO,acute_utilization,-0.0027684979140758514
3,NO,emergency_inpatient_ratio,-0.008570801880624554
3,NO,is_high_utilizer,0.00024255447917511294
3,NO,treatment_intensity,-0.0002743889474206562
3,NO,lab_proc_ratio,0.0021397889488273445
3,NO,med_lab_ratio,0.0005844268533918376
3,NO,lab_per_day,-0.00040200166404250986
3,NO,medications_per_day,0.0017518065869808013
3,NO,diagnoses_per_day,0.0009231629470983956
3,NO,long_stay_flag,-0.0014068358060386383
3,NO,very_long_stay_flag,-9.207220541105714e-05
3,NO,complexity_index,-0.0006333891716268173
3,NO,med_up_count,6.119451589053915e-05
3,NO,med_down_count,-0.0003078269461790721
3,NO,med_steady_count,-0.001121632547842144
3,NO,med_no_count,-0.0011166288620895748
3,NO,med_changed_count,-0.00018972572353150494
3,NO,any_med_change_flag,0.00029695716996989513
3,NO,on_insulin_flag,0.0013311488760842372
3,NO,insulin_changed_flag,0.001106538706355631
3,NO,pca_component_1,-0.0021941570772065024
3,NO,pca_component_2,0.0034844362073474335
3,NO,pca_component_3,-4.8966250485837914e-05
3,NO,pca_component_4,-0.0017217292139927176
3,NO,pca_component_5,-0.0007446037812365672
3,NO,pca_component_6,0.0006232387903663908
3,NO,pca_component_7,-0.0019804088191853566
3,NO,pca_component_8,-0.002865285095241347
3,NO,pca_cluster,0.002714131234420667
4,NO,encounter_id,-0.04493339856465659
4,NO,patient_nbr,-0.01997594949271947
4,NO,race,-0.0011547367191977187
4,NO,gender,-0.0015294117232163746
4,NO,age,-0.0016723784307638805
4,NO,weight,0.0014106565051608677
4,NO,admission_type_id,0.0015737023204565233
4,NO,discharge_disposition_id,-0.015167964829338881
4,NO,admission_source_id,-0.004371645342972547
4,NO,time_in_hospital,-7.855395476025206e-05
4,NO,payer_code,0.0036979065173202152
4,NO,medical_specialty,-0.0041516303188270836
4,NO,num_lab_procedures,-0.0017645919902457101
4,NO,num_procedures,-0.0009341173701815642
4,NO,num_medications,-0.0004958431753847489
4,NO,number_outpatient,0.0007619251393609731
4,NO,number_emergency,0.0
4,NO,number_inpatient,-0.003908567337526213
4,NO,diag_1,0.0
4,NO,diag_2,-0.008352146380477496
4,NO,diag_3,0.0
4,NO,number_diagnoses,-0.0021434713982873277
4,NO,max_glu_serum,0.0
4,NO,A1Cresult,0.00048671849071977674
4,NO,metformin,-0.0006735533889797215
4,NO,repaglinide,0.0
4,NO,nateglinide,0.0
4,NO,chlorpropamide,0.0
4,NO,glimepiride,0.00019620089895198514
4,NO,acetohexamide,0.0
4,NO,glipizide,0.0
4,NO,glyburide,-0.0001250817957851591
4,NO,tolbutamide,0.0
4,NO,pioglitazone,-0.005609503429796973
4,NO,rosiglitazone,0.0
4,NO,acarbose,0.0
4,NO,miglitol,0.0
4,NO,tolazamide,0.0
4,NO,insulin,0.0007798582729366029
4,NO,glyburide-metformin,0.0
4,NO,change,0.0019813724276092257
4,NO,diabetesMed,-0.0033303755852911363
4,NO,age_mid,-0.001620498589343498
4,NO,weight_mid,1.943649517167449e-05
4,NO,weight_missing_flag,0.00047919361127746196
4,NO,is_missing__race,-0.0021454124814934326
4,NO,is_missing__payer_code,0.003674351506763013
4,NO,is_missing__medical_specialty,-0.0003202406482564017
4,NO,is_missing__diag_1,0.0
4,NO,is_missing__diag_2,0.0
4,NO,is_missing__diag_3,0.0
4,NO,is_missing__max_glu_serum,0.0
4,NO,is_missing__A1Cresult,0.0008219745424058641
4,NO,weight_observed,0.0008730745563904352
4,NO,max_glu_serum_observed,0.0
4,NO,A1Cresult_observed,0.0006396135108338493
4,NO,diag_1_group,0.00048443923393885296
4,NO,diag_2_group,-0.0018293507811096195
4,NO,diag_3_group,-0.0009473140041033149
4,NO,diag_group_unique_count,0.0014032245510154084
4,NO,has_diabetes_diag,0.0021820803069406147
4,NO,has_circulatory_diag,-0.00040978255371250844
4,NO,has_respiratory_diag,0.00045397877693177197
4,NO,has_digestive_diag,4.700881739460224e-05
4,NO,total_utilization,-0.010069542254010855
4,NO,acute_utilization,-0.003037910908460626
4,NO,emergency_inpatient_ratio,-0.008969999435875176
4,NO,is_high_utilizer,0.000433983902136494
4,NO,treatment_intensity,0.0001757010403606781
4,NO,lab_proc_ratio,0.0011110949433512096
4,NO,med_lab_ratio,-0.0023001119908359533
4,NO,lab_per_day,-0.0001495466050174532
4,NO,medications_per_day,-0.0020128993524445213
4,NO,diagnoses_per_day,-0.0003332087977065042
4,NO,long_stay_flag,0.0006630333761374249
4,NO,very_long_stay_flag,-0.0001414480308691938
4,NO,complexity_index,-0.001053835575779279
4,NO,med_up_count,0.00010092701348995055
4,NO,med_down_count,-0.00027218957742053407
4,NO,med_steady_count,-0.001656400246752639
4,NO,med_no_count,0.00018725564910307413
4,NO,med_changed_count,0.00011302923990618348
4,NO,any_med_change_flag,6.106930474439332e-05
4,NO,on_insulin_flag,0.0006125685241487507
4,NO,insulin_changed_flag,0.0005352844794591175
4,NO,pca_component_1,0.0003388766199350172
4,NO,pca_component_2,-0.0021739372362693057
4,NO,pca_component_3,6.710179150104523e-05
4,NO,pca_component_4,0.0007284124278359635
4,NO,pca_component_5,0.00038002886705928995
4,NO,pca_component_6,0.0019495135380162194
4,NO,pca_component_7,-0.0017252717581060044
4,NO,pca_component_8,-0.0014447209735711415
4,NO,pca_cluster,0.0009505022317171005
5,NO,encounter_id,-0.011052609938714264
5,NO,patient_nbr,-0.032483610635002436
5,NO,race,-0.0035141288406319027
5,NO,gender,-0.0019036138223277321
5,NO,age,-0.006209114566445388
5,NO,weight,-0.018625157574812534
5,NO,admission_type_id,-0.002844672443138241
5,NO,discharge_disposition_id,-0.032826348932253
5,NO,admission_source_id,0.0006460228727923623
5,NO,time_in_hospital,0.0005020820018318087
5,NO,payer_code,-0.0026808453516827535
5,NO,medical_specialty,-0.0009412970393896473
5,NO,num_lab_procedures,-0.0033171282460292364
5,NO,num_procedures,0.0006952238165669847
5,NO,num_medications,0.006328361522820301
5,NO,number_outpatient,0.0006329783548911597
5,NO,number_emergency,0.0
5,NO,number_inpatient,0.002759683670269112
5,NO,diag_1,0.0
5,NO,diag_2,0.00489148352709079
5,NO,diag_3,0.0
5,NO,number_diagnoses,0.0049012692438231515
5,NO,max_glu_serum,0.0
5,NO,A1Cresult,0.0003003140704499289
5,NO,metformin,-0.0004314691242244262
5,NO,repaglinide,0.0
5,NO,nateglinide,0.0
5,NO,chlorpropamide,0.0
5,NO,glimepiride,4.069258769355081e-05
5,NO,acetohexamide,0.0
5,NO,glipizide,0.0
5,NO,glyburide,-0.00019157739977045582
5,NO,tolbutamide,0.0
5,NO,pioglitazone,7.754647069505942e-05
5,NO,rosiglitazone,0.0
5,NO,acarbose,0.0
5,NO,miglitol,0.0
5,NO,tolazamide,0.0
5,NO,insulin,0.0016625480105479558
5,NO,glyburide-metformin,0.0
5,NO,change,-0.000431866281562369
5,NO,diabetesMed,0.013159286851684234
5,NO,age_mid,-0.0027781991908947625
5,NO,weight_mid,-0.003398303770356705
5,NO,weight_missing_flag,-0.006766784522268504
5,NO,is_missing__race,-0.002003388272391419
5,NO,is_missing__payer_code,-0.0011449561764796574
5,NO,is_missing__medical_specialty,0.0008620752228630976
5,NO,is_missing__diag_1,0.0
5,NO,is_missing__diag_2,0.0
5,NO,is_missing__diag_3,0.0
5,NO,is_missing__max_glu_serum,0.0
5,NO,is_missing__A1Cresult,0.0001246395210424874
5,NO,weight_observed,-0.007710784880651374
5,NO,max_glu_serum_observed,0.0
5,NO,A1Cresult_observed,-7.09210418992634e-05
5,NO,diag_1_group,0.00786024642487367
5,NO,diag_2_group,0.005450834209720312
5,NO,diag_3_group,0.0032818104243940347
5,NO,diag_group_unique_count,0.0011707753356960393
5,NO,has_diabetes_diag,0.0013553135924869175
5,NO,has_circulatory_diag,0.002293714632590612
5,NO,has_respiratory_diag,0.0002264943387773425
5,NO,has_digestive_diag,-4.5296632581311634e-05
5,NO,total_utilization,0.005168542472852607
5,NO,acute_utilization,0.0019154902547597978
5,NO,emergency_inpatient_ratio,0.004978508378068606
5,NO,is_high_utilizer,0.0002720482233497708
5,NO,treatment_intensity,-0.0001275450405147279
5,NO,lab_proc_ratio,0.0026396208753188357
5,NO,med_lab_ratio,-0.0007464566992388585
5,NO,lab_per_day,0.00021274636189141013
5,NO,medications_per_day,0.0018733313514126733
5,NO,diagnoses_per_day,-0.0003791842609644121
5,NO,long_stay_flag,0.0009412885540061219
5,NO,very_long_stay_flag,-3.1314790248852344e-05
5,NO,complexity_index,0.00031081649164358777
5,NO,med_up_count,0.0004914845857355207
5,NO,med_down_count,-0.00010399955014387767
5,NO,med_steady_count,0.0018237661570310408
5,NO,med_no_count,0.003325953872667431
5,NO,med_changed_count,0.00033326177961297737
5,NO,any_med_change_flag,0.00022800101174247356
5,NO,on_insulin_flag,0.0005546924140718094
5,NO,insulin_changed_flag,0.0005371003515190764
5,NO,pca_component_1,0.006165391041172881
5,NO,pca_component_2,-0.0004837455021010813
5,NO,pca_component_3,-0.0025288986249102363
5,NO,pca_component_4,-0.003738452783889216
5,NO,pca_component_5,-0.003673361821307073
5,NO,pca_component_6,-4.789233207700786e-05
5,NO,pca_component_7,-0.002060186945729773
5,NO,pca_component_8,-5.191254119076468e-05
5,NO,pca_cluster,-0.0038454503648810887
6,NO,encounter_id,0.017841778695583305
6,NO,patient_nbr,-0.013707517956693968
6,NO,race,0.01031032494372793
6,NO,gender,-0.001587793644931575
6,NO,age,0.003502215155296825
6,NO,weight,0.0014716705514324728
6,NO,admission_type_id,-0.004730326227015913
6,NO,discharge_disposition_id,-0.017639808563722492
6,NO,admission_source_id,0.0028125925196541926
6,NO,time_in_hospital,0.001879206341173889
6,NO,payer_code,-0.002397286809153021
6,NO,medical_specialty,-0.0025190704812606177
6,NO,num_lab_procedures,2.7655934294083345e-05
6,NO,num_procedures,-0.00042124920421177103
6,NO,num_medications,0.001666899149616578
6,NO,number_outpatient,0.000546188197202128
6,NO,number_emergency,0.0
6,NO,number_inpatient,0.004058737928668658
6,NO,diag_1,0.0
6,NO,diag_2,-0.004467497062351999
6,NO,diag_3,0.0
6,NO,number_diagnoses,0.010461124901970245
6,NO,max_glu_serum,0.0
6,NO,A1Cresult,-0.0015728169431289036
6,NO,metformin,-0.0009038013716538932
6,NO,repaglinide,0.0
6,NO,nateglinide,0.0
6,NO,chlorpropamide,0.0
6,NO,glimepiride,8.14439521895823e-05
6,NO,acetohexamide,0.0
6,NO,glipizide,0.0
6,NO,glyburide,-0.00012821724845304047
6,NO,tolbutamide,0.0
6,NO,pioglitazone,0.00013266421026654948
6,NO,rosiglitazone,0.0
6,NO,acarbose,0.0
6,NO,miglitol,0.0
6,NO,tolazamide,0.0
6,NO,insulin,-0.00352422210077441
6,NO,glyburide-metformin,0.0
6,NO,change,0.0009436857783132006
6,NO,diabetesMed,-0.0033361638585726236
6,NO,age_mid,-0.0017249339984523049
6,NO,weight_mid,0.00014649993843501852
6,NO,weight_missing_flag,0.00107573138342959
6,NO,is_missing__race,0.014266066667106392
6,NO,is_missing__payer_code,-0.0008455800513426648
6,NO,is_missing__medical_specialty,-0.001682957013448098
6,NO,is_missing__diag_1,0.0
6,NO,is_missing__diag_2,0.0
6,NO,is_missing__diag_3,0.0
6,NO,is_missing__max_glu_serum,0.0
6,NO,is_missing__A1Cresult,-0.0002693931261698405
6,NO,weight_observed,0.0010360876719156715
6,NO,max_glu_serum_observed,0.0
6,NO,A1Cresult_observed,-0.0007049435128768285
6,NO,diag_1_group,-0.0009813277671734493
6,NO,diag_2_group,0.00010485429730681488
6,NO,diag_3_group,-0.0025578650335470465
6,NO,diag_group_unique_count,-0.002054017244113785
6,NO,has_diabetes_diag,-0.0021727989531225567
6,NO,has_circulatory_diag,-0.0006399618254767462
6,NO,has_respiratory_diag,0.0005871396925714034
6,NO,has_digestive_diag,0.00021454029613071635
6,NO,total_utilization,0.007117749088340342
6,NO,acute_utilization,0.0025185663253068924
6,NO,emergency_inpatient_ratio,0.004257354885339737
6,NO,is_high_utilizer,0.0008567635797791887
6,NO,treatment_intensity,0.001584892471631368
6,NO,lab_proc_ratio,-0.0004673854758341922
6,NO,med_lab_ratio,5.098556478820108e-05
6,NO,lab_per_day,0.0015580999768442332
6,NO,medications_per_day,-0.0022721354746156144
6,NO,diagnoses_per_day,-0.0008433355639378415
6,NO,long_stay_flag,0.0007994992451535454
6,NO,very_long_stay_flag,-2.5991350412368774e-05
6,NO,complexity_index,0.003977810757027707
6,NO,med_up_count,-0.0012621451169252396
6,NO,med_down_count,-4.101337658031964e-05
6,NO,med_steady_count,0.0018961065345340367
6,NO,med_no_count,-0.0014356037394867942
6,NO,med_changed_count,0.000743808638718387
6,NO,any_med_change_flag,-0.0014372962630456916
6,NO,on_insulin_flag,0.0013352717376417338
6,NO,insulin_changed_flag,-0.00272619289656482
6,NO,pca_component_1,-0.0008537258125013899
6,NO,pca_component_2,0.002609118819236774
6,NO,pca_component_3,0.0035965045293172384
6,NO,pca_component_4,0.001706028357148152
6,NO,pca_component_5,-0.00012084034581979115
6,NO,pca_component_6,0.000649918905562837
6,NO,pca_component_7,-0.0007171798497438245
6,NO,pca_component_8,-0.0004874523729085922
6,NO,pca_cluster,0.00016689838634596313
7,NO,encounter_id,0.024041069257590492
7,NO,patient_nbr,-0.008459807063142496
7,NO,race,-0.0012981448736455459
7,NO,gender,-0.0003853742447164262
7,NO,age,-0.002179220525754847
7,NO,weight,0.0005075538323985144
7,NO,admission_type_id,-0.0008409625540177027
7,NO,discharge_disposition_id,0.14507962846093705
7,NO,admission_source_id,0.0005426065375407352
7,NO,time_in_hospital,0.00032797911100918936
7,NO,payer_code,-0.0020987238321039103
7,NO,medical_specialty,-0.0036344909005694612
7,NO,num_lab_procedures,0.0012543714708752225
7,NO,num_procedures,0.00021211016509266786
7,NO,num_medications,-0.0003519743267032897
7,NO,number_outpatient,0.000336495124631464
7,NO,number_emergency,0.0
7,NO,number_inpatient,-0.009300933943854431
7,NO,diag_1,0.0
7,NO,diag_2,0.004531117570069104
7,NO,diag_3,0.0
7,NO,number_diagnoses,-0.002076123737626593
7,NO,max_glu_serum,0.0
7,NO,A1Cresult,0.00030884270866710084
7,NO,metformin,-0.0003176108002662566
7,NO,repaglinide,0.0
7,NO,nateglinide,0.0
7,NO,chlorpropamide,0.0
7,NO,glimepiride,0.00020079645845622976
7,NO,acetohexamide,0.0
7,NO,glipizide,0.0
7,NO,glyburide,-0.0001226291060447878
7,NO,tolbutamide,0.0
7,NO,pioglitazone,0.0001026690006255826
7,NO,rosiglitazone,0.0
7,NO,acarbose,0.0
7,NO,miglitol,0.0
7,NO,tolazamide,0.0
7,NO,insulin,-0.0002852653463681169
7,NO,glyburide-metformin,0.0
7,NO,change,-0.00012149703171517497
7,NO,diabetesMed,0.00579779988361732
7,NO,age_mid,-0.0003026312010155722
7,NO,weight_mid,2.5699949926775528e-05
7,NO,weight_missing_flag,0.00043100905087260316
7,NO,is_missing__race,-0.0008266961408985677
7,NO,is_missing__payer_code,-0.00015159178939131804
7,NO,is_missing__medical_specialty,-6.641944249469178e-05
7,NO,is_missing__diag_1,0.0
7,NO,is_missing__diag_2,0.0
7,NO,is_missing__diag_3,0.0
7,NO,is_missing__max_glu_serum,0.0
7,NO,is_missing__A1Cresult,0.0005098030798964907
7,NO,weight_observed,0.0004306199649969737
7,NO,max_glu_serum_observed,0.0
7,NO,A1Cresult_observed,0.0002251567525995979
7,NO,diag_1_group,-0.000846296341882787
7,NO,diag_2_group,0.0002624736064010443
7,NO,diag_3_group,-0.00041720064149963765
7,NO,diag_group_unique_count,0.001690703133742033
7,NO,has_diabetes_diag,0.0011527372731102714
7,NO,has_circulatory_diag,0.0008165209243694941
7,NO,has_respiratory_diag,-0.0004399247053596585
7,NO,has_digestive_diag,0.0002044414480527057
7,NO,total_utilization,-0.007682741102245112
7,NO,acute_utilization,-0.007033467913667324
7,NO,emergency_inpatient_ratio,-0.004323296662833949
7,NO,is_high_utilizer,-0.004055361573894818
7,NO,treatment_intensity,0.00012184638116093567
7,NO,lab_proc_ratio,-0.0008542030635807496
7,NO,med_lab_ratio,0.0014977409607834409
7,NO,lab_per_day,-0.0025775122145811715
7,NO,medications_per_day,-0.0023880083527829665
7,NO,diagnoses_per_day,-0.0010109218872255687
7,NO,long_stay_flag,0.0002253206653727302
7,NO,very_long_stay_flag,0.0001591096321741555
7,NO,complexity_index,0.0004790994442171274
7,NO,med_up_count,0.00034862053063178244
7,NO,med_down_count,-6.852236886817353e-05
7,NO,med_steady_count,0.0005444383455647425
7,NO,med_no_count,0.002118022698495111
7,NO,med_changed_count,-1.5500725971340223e-05
7,NO,any_med_change_flag,3.223535087372905e-05
7,NO,on_insulin_flag,-0.0012399111356999892
7,NO,insulin_changed_flag,0.0003255359414550685
7,NO,pca_component_1,-0.0002237196183867233
7,NO,pca_component_2,-0.007445769384503337
7,NO,pca_component_3,0.00012835715379980184
7,NO,pca_component_4,-0.0012382409638828824
7,NO,pca_component_5,0.00032336161368421806
7,NO,pca_component_6,0.00019135781460336934
7,NO,pca_component_7,0.0022081066336896993
7,NO,pca_component_8,0.0004611156053013395
7,NO,pca_cluster,-0.00021163415577679645
8,NO,encounter_id,-0.008870285625259081
8,NO,patient_nbr,-0.023853799328207987
8,NO,race,-0.0013844927565918967
8,NO,gender,0.0030132722523477096
8,NO,age,-0.0015143861787186945
8,NO,weight,0.0012922984444433034
8,NO,admission_type_id,0.001943325002988198
8,NO,discharge_disposition_id,0.009732421901490948
8,NO,admission_source_id,-0.0038193335963620143
8,NO,time_in_hospital,-0.0005765002634789962
8,NO,payer_code,0.0023552084134684606
8,NO,medical_specialty,0.005756721314456703
8,NO,num_lab_procedures,0.002572182152006358
8,NO,num_procedures,0.0013469128559033077
8,NO,num_medications,-0.005002020340826789
8,NO,number_outpatient,-0.011932059294647654
8,NO,number_emergency,0.0
8,NO,number_inpatient,-0.008575750514864902
8,NO,diag_1,0.0
8,NO,diag_2,0.009782322371999422
8,NO,diag_3,0.0
8,NO,number_diagnoses,-0.0018919201360808418
8,NO,max_glu_serum,0.0
8,NO,A1Cresult,0.0006367916034327644
8,NO,metformin,-0.0008331415139966417
8,NO,repaglinide,0.0
8,NO,nateglinide,0.0
8,NO,chlorpropamide,0.0
8,NO,glimepiride,0.0005098539921972364
8,NO,acetohexamide,0.0
8,NO,glipizide,0.0
8,NO,glyburide,0.003310928535130283
8,NO,tolbutamide,0.0
8,NO,pioglitazone,0.0005060595770677115
8,NO,rosiglitazone,0.0
8,NO,acarbose,0.0
8,NO,miglitol,0.0
8,NO,tolazamide,0.0
8,NO,insulin,0.0015185500184695295
8,NO,glyburide-metformin,0.0
8,NO,change,0.0009931104464663276
8,NO,diabetesMed,-0.0029582012858655657
8,NO,age_mid,0.002255023560590208
8,NO,weight_mid,5.5116704768589285e-05
8,NO,weight_missing_flag,0.0007254261937406544
8,NO,is_missing__race,-0.0013256222009658813
8,NO,is_missing__payer_code,0.000870121022065499
8,NO,is_missing__medical_specialty,-0.0005611332340372995
8,NO,is_missing__diag_1,0.0
8,NO,is_missing__diag_2,0.0
8,NO,is_missing__diag_3,0.0
8,NO,is_missing__max_glu_serum,0.0
8,NO,is_missing__A1Cresult,0.0009711277153756729
8,NO,weight_observed,0.0009940394924746743
8,NO,max_glu_serum_observed,0.0
8,NO,A1Cresult_observed,0.0009906496852636153
8,NO,diag_1_group,-0.00445674111445742
8,NO,diag_2_group,-0.0010906834569242203
8,NO,diag_3_group,0.0035882157584031515
8,NO,diag_group_unique_count,-0.0007994241184658413
8,NO,has_diabetes_diag,-0.006050105517109244
8,NO,has_circulatory_diag,-0.00038306559953426206
8,NO,has_respiratory_diag,0.00014736296402082885
8,NO,has_digestive_diag,0.00014002372821170228
8,NO,total_utilization,-0.012210242450237293
8,NO,acute_utilization,-0.007450869720843097
8,NO,emergency_inpatient_ratio,-0.0062093805107805615
8,NO,is_high_utilizer,-0.0063436515629291534
8,NO,treatment_intensity,6.928646730053334e-05
8,NO,lab_proc_ratio,0.0007002465426921659
8,NO,med_lab_ratio,-0.0016429714030689972
8,NO,lab_per_day,7.977874742613282e-05
8,NO,medications_per_day,-0.0016076597902510148
8,NO,diagnoses_per_day,-0.00013555607034099193
8,NO,long_stay_flag,0.0002692068616548989
8,NO,very_long_stay_flag,-0.00018671113583773602
8,NO,complexity_index,-0.0010376268376906712
8,NO,med_up_count,2.870170606507812e-05
8,NO,med_down_count,-0.0001715806623300009
8,NO,med_steady_count,-0.0011043743126921874
8,NO,med_no_count,-0.0010506423811117809
8,NO,med_changed_count,0.0001048981729480832
8,NO,any_med_change_flag,0.00034526383711232694
8,NO,on_insulin_flag,0.001145295384857396
8,NO,insulin_changed_flag,0.0003732606354687011
8,NO,pca_component_1,-0.0018665974752770469
8,NO,pca_component_2,-0.006928063929080963
8,NO,pca_component_3,0.000664281762308557
8,NO,pca_component_4,-0.0002597081992361157
8,NO,pca_component_5,0.0014846802999575748
8,NO,pca_component_6,0.001596793532371521
8,NO,pca_component_7,-0.00031566619873048724
8,NO,pca_component_8,-0.0016157264924711774
8,NO,pca_cluster,-0.0007988152404626025
9,NO,encounter_id,-0.051025995156831205
9,NO,patient_nbr,0.019674763497379084
9,NO,race,-0.008386653537551561
9,NO,gender,-0.001414283903108715
9,NO,age,-0.002320505885614277
9,NO,weight,0.0017813965678215211
9,NO,admission_type_id,0.0012957869718472532
9,NO,discharge_disposition_id,-0.010968433072169603
9,NO,admission_source_id,-0.004476457006401498
9,NO,time_in_hospital,-0.001625945377680978
9,NO,payer_code,-0.00022362607220808664
9,NO,medical_specialty,0.004861635052495539
9,NO,num_lab_procedures,0.0004511386570003236
9,NO,num_procedures,-0.0013174017270406273
9,NO,num_medications,0.00228751057551968
9,NO,number_outpatient,0.0006495356145832335
9,NO,number_emergency,0.0
9,NO,number_inpatient,-0.004687365558412353
9,NO,diag_1,0.0
9,NO,diag_2,0.0024022650387551803
9,NO,diag_3,0.0
9,NO,number_diagnoses,-0.003069512753023048
9,NO,max_glu_serum,0.0
9,NO,A1Cresult,0.0008260717408524928
9,NO,metformin,-0.0011281468388106841
9,NO,repaglinide,0.0
9,NO,nateglinide,0.0
9,NO,chlorpropamide,0.0
9,NO,glimepiride,0.0003650536139805742
9,NO,acetohexamide,0.0
9,NO,glipizide,0.0
9,NO,glyburide,-0.00010952332781422047
9,NO,tolbutamide,0.0
9,NO,pioglitazone,7.250698076351665e-05
9,NO,rosiglitazone,0.0
9,NO,acarbose,0.0
9,NO,miglitol,0.0
9,NO,tolazamide,0.0
9,NO,insulin,0.0018602270219060986
9,NO,glyburide-metformin,0.0
9,NO,change,-0.0003777599583069298
9,NO,diabetesMed,0.009775176230404137
9,NO,age_mid,-0.00022914343410066854
9,NO,weight_mid,-0.00014082238905958425
9,NO,weight_missing_flag,0.0005637848128875097
9,NO,is_missing__race,-0.0019403155893087571
9,NO,is_missing__payer_code,-0.0019083900584114983
9,NO,is_missing__medical_specialty,0.0002591953509383793
9,NO,is_missing__diag_1,0.0
9,NO,is_missing__diag_2,0.0
9,NO,is_missing__diag_3,0.0
9,NO,is_missing__max_glu_serum,0.0
9,NO,is_missing__A1Cresult,0.0003595685379372456
9,NO,weight_observed,0.0009444138656059716
9,NO,max_glu_serum_observed,0.0
9,NO,A1Cresult_observed,0.0008875226808918724
9,NO,diag_1_group,-0.003337597060534695
9,NO,diag_2_group,-0.002427967472208877
9,NO,diag_3_group,-0.0027967672795057665
9,NO,diag_group_unique_count,-0.0009006758530934652
9,NO,has_diabetes_diag,-0.005626718410187285
9,NO,has_circulatory_diag,-4.3283320135534264e-05
9,NO,has_respiratory_diag,0.00011690499054060426
9,NO,has_digestive_diag,0.00021774094137879305
9,NO,total_utilization,-0.013226243149903097
9,NO,acute_utilization,-0.004583673137757482
9,NO,emergency_inpatient_ratio,-0.011238856034146408
9,NO,is_high_utilizer,0.0005212175763315563
9,NO,treatment_intensity,-0.00025498121976854266
9,NO,lab_proc_ratio,-0.0014795253260267982
9,NO,med_lab_ratio,0.00024912961655191673
9,NO,lab_per_day,-0.0001110720137754891
9,NO,medications_per_day,0.0011792398161358426
9,NO,diagnoses_per_day,6.710261934332144e-05
9,NO,long_stay_flag,5.097976989213807e-05
9,NO,very_long_stay_flag,-0.0002089171773857664
9,NO,complexity_index,-0.002223054361012241
9,NO,med_up_count,-0.00025648561616736787
9,NO,med_down_count,-1.3685888714254357e-05
9,NO,med_steady_count,0.0013064179155561721
9,NO,med_no_count,0.004069799971249362
9,NO,med_changed_count,-0.00011012951532997824
9,NO,any_med_change_flag,-8.605751726361206e-05
9,NO,on_insulin_flag,-0.0011298228055238724
9,NO,insulin_changed_flag,0.00034180904428164166
9,NO,pca_component_1,-0.00035622053676181986
9,NO,pca_component_2,-0.0015917509380314148
9,NO,pca_component_3,-6.981173323259797e-05
9,NO,pca_component_4,0.0008439982516898111
9,NO,pca_component_5,-0.0016618824253479825
9,NO,pca_component_6,0.0005589911921156839
9,NO,pca_component_7,0.0008178175323539372
9,NO,pca_component_8,0.002291707735922577
9,NO,pca_cluster,-0.0005256692982382183
10,NO,encounter_id,0.003381632682349922
10,NO,patient_nbr,-0.00891608123977979
10,NO,race,-0.0017094525198141919
10,NO,gender,0.0014323809494574864
10,NO,age,-8.012147413359132e-05
10,NO,weight,0.0007027909159660525
10,NO,admission_type_id,0.0008809744483894525
10,NO,discharge_disposition_id,0.15186844476395187
10,NO,admission_source_id,-0.0027404247472683405
10,NO,time_in_hospital,0.00025801112254462505
10,NO,payer_code,-0.0004043396976259328
10,NO,medical_specialty,-0.004873155926664689
10,NO,num_lab_procedures,0.0016987216141488755
10,NO,num_procedures,9.068970878922666e-05
10,NO,num_medications,0.0021776960541804633
10,NO,number_outpatient,0.0003100265231397355
10,NO,number_emergency,0.0
10,NO,number_inpatient,-0.0022118509643607545
10,NO,diag_1,0.0
10,NO,diag_2,-0.007475328735179365
10,NO,diag_3,0.0
10,NO,number_diagnoses,-0.0018202780435482662
10,NO,max_glu_serum,0.0
10,NO,A1Cresult,0.00035892737408479053
10,NO,metformin,-0.00034932564530106475
10,NO,repaglinide,0.0
10,NO,nateglinide,0.0
10,NO,chlorpropamide,0.0
10,NO,glimepiride,2.663127250142801e-05
10,NO,acetohexamide,0.0
10,NO,glipizide,0.0
10,NO,glyburide,-3.7625018093327224e-05
10,NO,tolbutamide,0.0
10,NO,pioglitazone,0.0001608135385645637
10,NO,rosiglitazone,0.0
10,NO,acarbose,0.0
10,NO,miglitol,0.0
10,NO,tolazamide,0.0
10,NO,insulin,0.00045852570070159526
10,NO,glyburide-metformin,0.0
10,NO,change,2.4365054236511845e-05
10,NO,diabetesMed,-0.002000827342271786
10,NO,age_mid,-0.0010688547044992447
10,NO,weight_mid,8.783282505138897e-05
10,NO,weight_missing_flag,0.00039941382904849315
10,NO,is_missing__race,-0.0010697266293896817
10,NO,is_missing__payer_code,0.0009620440089040394
10,NO,is_missing__medical_specialty,0.0004861623876624144
10,NO,is_missing__diag_1,0.0
10,NO,is_missing__diag_2,0.0
10,NO,is_missing__diag_3,0.0
10,NO,is_missing__max_glu_serum,0.0
10,NO,is_missing__A1Cresult,0.0006326966815524878
10,NO,weight_observed,0.0004920889106061662
10,NO,max_glu_serum_observed,0.0
10,NO,A1Cresult_observed,8.024999664886974e-05
10,NO,diag_1_group,-0.0021919531540737966
10,NO,diag_2_group,-0.00022002288864717925
10,NO,diag_3_group,-0.0007453949915038153
10,NO,diag_group_unique_count,0.0003979419254594256
10,NO,has_diabetes_diag,0.0013400659792952758
10,NO,has_circulatory_diag,-0.00043929430345696074
10,NO,has_respiratory_diag,9.658518764708394e-05
10,NO,has_digestive_diag,0.00013159132666061094
10,NO,total_utilization,-0.004258515106307148
10,NO,acute_utilization,-0.002639778372314235
10,NO,emergency_inpatient_ratio,-0.004502144952615084
10,NO,is_high_utilizer,0.00019004485673375834
10,NO,treatment_intensity,-0.000567988802989324
10,NO,lab_proc_ratio,-0.0016498549116982415
10,NO,med_lab_ratio,0.004187083492676398
10,NO,lab_per_day,-0.0002605047904782702
10,NO,medications_per_day,-0.00133576989173891
10,NO,diagnoses_per_day,-0.0010451912466022395
10,NO,long_stay_flag,0.0005659314079416814
10,NO,very_long_stay_flag,-7.733578483263652e-05
10,NO,complexity_index,0.0007709434462918607
10,NO,med_up_count,0.0001375695897473106
10,NO,med_down_count,5.115796294480335e-05
10,NO,med_steady_count,-0.0003310603400071647
10,NO,med_no_count,-0.0005960110574960709
10,NO,med_changed_count,5.041559537066753e-07
10,NO,any_med_change_flag,-3.676447603406796e-06
10,NO,on_insulin_flag,0.000739807056056104
10,NO,insulin_changed_flag,0.0004289903574519749
10,NO,pca_component_1,0.00023996167712740193
10,NO,pca_component_2,-0.0013944136185778573
10,NO,pca_component_3,-0.0002658965273035774
10,NO,pca_component_4,-0.0010612749805053074
10,NO,pca_component_5,0.00016078725457193319
10,NO,pca_component_6,0.0004464592784643358
10,NO,pca_component_7,0.0032513967404762902
10,NO,pca_component_8,-0.00022665845851107166
10,NO,pca_cluster,0.0003885088695420036
11,NO,encounter_id,-0.015528930765059254
11,NO,patient_nbr,0.03121183605657681
11,NO,race,-0.0006166497866312478
11,NO,gender,0.0020075378318628045
11,NO,age,0.0020191563914219537
11,NO,weight,0.001185553769270579
11,NO,admission_type_id,0.000795482347408949
11,NO,discharge_disposition_id,-0.00010082084271645364
11,NO,admission_source_id,-0.0028909556567668546
11,NO,time_in_hospital,-0.0002214031087027779
11,NO,payer_code,0.002681484032008389
11,NO,medical_specialty,0.0002858936786651796
11,NO,num_lab_procedures,-0.0003943267381853466
11,NO,num_procedures,-0.0008488761054145274
11,NO,num_medications,0.0024291386620865865
11,NO,number_outpatient,0.00039116044839223224
11,NO,number_emergency,0.0
11,NO,number_inpatient,0.0027479754967822214
11,NO,diag_1,0.0
11,NO,diag_2,0.0050706366697947
11,NO,diag_3,0.0
11,NO,number_diagnoses,0.009408965706825256
11,NO,max_glu_serum,0.0
11,NO,A1Cresult,0.000564030889007805
11,NO,metformin,0.001047589091791053
11,NO,repaglinide,0.0
11,NO,nateglinide,0.0
11,NO,chlorpropamide,0.0
11,NO,glimepiride,0.00020691711041661195
11,NO,acetohexamide,0.0
11,NO,glipizide,0.0
11,NO,glyburide,-0.0001005054348045172
11,NO,tolbutamide,0.0
11,NO,pioglitazone,0.0003108175264464423
11,NO,rosiglitazone,0.0
11,NO,acarbose,0.0
11,NO,miglitol,0.0
11,NO,tolazamide,0.0
11,NO,insulin,0.0010038918505112144
11,NO,glyburide-metformin,0.0
11,NO,change,-0.0008427477959129607
11,NO,diabetesMed,-0.00325277385612327
11,NO,age_mid,0.0005787062562174391
11,NO,weight_mid,1.7542805936576755e-05
11,NO,weight_missing_flag,0.0006599086854193007
11,NO,is_missing__race,-0.001032715870274444
11,NO,is_missing__payer_code,0.0008056186553504855
11,NO,is_missing__medical_specialty,-0.000528601515624246
11,NO,is_missing__diag_1,0.0
11,NO,is_missing__diag_2,0.0
11,NO,is_missing__diag_3,0.0
11,NO,is_missing__max_glu_serum,0.0
11,NO,is_missing__A1Cresult,0.00031587812635630597
11,NO,weight_observed,0.0008537603749169306
11,NO,max_glu_serum_observed,0.0
11,NO,A1Cresult_observed,0.00022248261504701863
11,NO,diag_1_group,-0.0021819716526402244
11,NO,diag_2_group,-0.001394896664553243
11,NO,diag_3_group,-0.002416731996668716
11,NO,diag_group_unique_count,-0.0009356546733114331
11,NO,has_diabetes_diag,-0.003380114212632198
11,NO,has_circulatory_diag,0.00045021747549374896
11,NO,has_respiratory_diag,0.0009127482771873289
11,NO,has_digestive_diag,3.086237443814902e-05
11,NO,total_utilization,0.004375597875979224
11,NO,acute_utilization,0.0023260722971624923
11,NO,emergency_inpatient_ratio,0.0037657192183865504
11,NO,is_high_utilizer,0.0005108449194166457
11,NO,treatment_intensity,0.0009906983209980735
11,NO,lab_proc_ratio,0.00017366972234515257
11,NO,med_lab_ratio,0.0007634117371506469
11,NO,lab_per_day,-0.0007594935595989227
11,NO,medications_per_day,-0.001889072772529421
11,NO,diagnoses_per_day,-0.001105149793956021
11,NO,long_stay_flag,0.001420013399587768
11,NO,very_long_stay_flag,-0.00012684530682035197
11,NO,complexity_index,0.003946902437342507
11,NO,med_up_count,0.0004039754470189412
11,NO,med_down_count,-0.00013215012020536174
11,NO,med_steady_count,-0.0005696846379174189
11,NO,med_no_count,-0.00057456207772096
11,NO,med_changed_count,1.814174983235291e-05
11,NO,any_med_change_flag,0.00020920609434447549
11,NO,on_insulin_flag,-0.00017232654823197877
11,NO,insulin_changed_flag,0.00047053520878154176
11,NO,pca_component_1,0.005310096674495279
11,NO,pca_component_2,-0.0017024299336804345
11,NO,pca_component_3,0.000561637596951603
11,NO,pca_component_4,0.001065840530726651
11,NO,pca_component_5,0.00050775479111409
11,NO,pca_component_6,0.00044715321726266727
11,NO,pca_component_7,-0.000228322214550436
11,NO,pca_component_8,0.0012977590991391137
11,NO,pca_cluster,-0.00020176875922411908
12,NO,encounter_id,-0.0072921452422936755
12,NO,patient_nbr,0.028638651180598457
12,NO,race,-0.006335228681564313
12,NO,gender,-0.0013312759498755322
12,NO,age,-0.0005253222253587634
12,NO,weight,0.0011159086392985202
12,NO,admission_type_id,0.0005873884591791242
12,NO,discharge_disposition_id,-0.006214593433671515
12,NO,admission_source_id,-0.0029448589517010646
12,NO,time_in_hospital,0.00044383874369992765
12,NO,payer_code,0.0012423133270607993
12,NO,medical_specialty,0.0018557678494188397
12,NO,num_lab_procedures,-0.0008939798507425581
12,NO,num_procedures,0.0007374729547235762
12,NO,num_medications,-0.004460420666469474
12,NO,number_outpatient,0.0005574408504698258
12,NO,number_emergency,0.0
12,NO,number_inpatient,0.0013719921310742882
12,NO,diag_1,0.0
12,NO,diag_2,0.000238514401846468
12,NO,diag_3,0.0
12,NO,number_diagnoses,0.010143163510494787
12,NO,max_glu_serum,0.0
12,NO,A1Cresult,7.278989586567697e-05
12,NO,metformin,0.0005953458862172171
12,NO,repaglinide,0.0
12,NO,nateglinide,0.0
12,NO,chlorpropamide,0.0
12,NO,glimepiride,7.933750748634338e-05
12,NO,acetohexamide,0.0
12,NO,glipizide,0.0
12,NO,glyburide,-0.00011417766412099202
12,NO,tolbutamide,0.0
12,NO,pioglitazone,0.0002958913230233784
12,NO,rosiglitazone,0.0
12,NO,acarbose,0.0
12,NO,miglitol,0.0
12,NO,tolazamide,0.0
12,NO,insulin,0.0009897910058498383
12,NO,glyburide-metformin,0.0
12,NO,change,-0.0009153806087043304
12,NO,diabetesMed,-0.0031512843237982793
12,NO,age_mid,-0.0004529261754618689
12,NO,weight_mid,2.079498436715251e-05
12,NO,weight_missing_flag,0.0005934308800432478
12,NO,is_missing__race,-0.001336446652809779
12,NO,is_missing__payer_code,0.00023170436422028282
12,NO,is_missing__medical_specialty,0.0003762298987971535
12,NO,is_missing__diag_1,0.0
12,NO,is_missing__diag_2,0.0
12,NO,is_missing__diag_3,0.0
12,NO,is_missing__max_glu_serum,0.0
12,NO,is_missing__A1Cresult,-5.030756195386251e-05
12,NO,weight_observed,0.00040166328350702923
12,NO,max_glu_serum_observed,0.0
12,NO,A1Cresult_observed,0.00027422813905610594
12,NO,diag_1_group,0.0016463912195629482
12,NO,diag_2_group,-0.0011452891760402502
12,NO,diag_3_group,-0.0010725423279735653
12,NO,diag_group_unique_count,-0.0013405140489340013
12,NO,has_diabetes_diag,-0.0033305957913398743
12,NO,has_circulatory_diag,-0.0009017652935452055
12,NO,has_respiratory_diag,0.00010034110811020976
12,NO,has_digestive_diag,3.686216142440024e-05
12,NO,total_utilization,0.00437738394571674
12,NO,acute_utilization,0.0022768934981690636
12,NO,emergency_inpatient_ratio,0.003316942809356571
12,NO,is_high_utilizer,0.000359689195950826
12,NO,treatment_intensity,0.0005629298587640127
12,NO,lab_proc_ratio,0.0023048861573139825
12,NO,med_lab_ratio,-0.001616009614533842
12,NO,lab_per_day,0.0011687351183758965
12,NO,medications_per_day,-0.0007602040552430744
12,NO,diagnoses_per_day,0.0010930082450310759
12,NO,long_stay_flag,0.0015887117220295492
12,NO,very_long_stay_flag,6.974985202172028e-06
12,NO,complexity_index,0.003518850232164028
12,NO,med_up_count,-2.4746689531525885e-05
12,NO,med_down_count,0.0001600074271361033
12,NO,med_steady_count,-0.0004194399548901699
12,NO,med_no_count,-0.000531525868508557
12,NO,med_changed_count,-2.938881516456604e-05
12,NO,any_med_change_flag,-0.0001698931058247699
12,NO,on_insulin_flag,-0.0006787942515479132
12,NO,insulin_changed_flag,0.00036871102121142457
12,NO,pca_component_1,0.0019170039643843968
12,NO,pca_component_2,0.0013854915483130226
12,NO,pca_component_3,0.0005788296047184264
12,NO,pca_component_4,0.0020851397679911474
12,NO,pca_component_5,0.0008537800361712774
12,NO,pca_component_6,0.00011941873364977133
12,NO,pca_component_7,-0.0005808952781889235
12,NO,pca_component_8,0.00029164718257059424
12,NO,pca_cluster,0.0019340668287542069
13,NO,encounter_id,0.013887671960724712
13,NO,patient_nbr,0.003976236821876626
13,NO,race,0.0009235590696334653
13,NO,gender,0.003166939235395849
13,NO,age,-0.0035662847674555556
13,NO,weight,0.0012058346635765622
13,NO,admission_type_id,0.0011656905213991802
13,NO,discharge_disposition_id,-0.019805175976620775
13,NO,admission_source_id,-0.0038515672915511536
13,NO,time_in_hospital,-8.193610443011738e-05
13,NO,payer_code,-0.0037068488697210946
13,NO,medical_specialty,-0.009652876605590147
13,NO,num_lab_procedures,0.0016614714016516818
13,NO,num_procedures,0.0002584411866135006
13,NO,num_medications,-0.0006701209478907991
13,NO,number_outpatient,0.000833631389670908
13,NO,number_emergency,0.0
13,NO,number_inpatient,0.004009511321783066
13,NO,diag_1,0.0
13,NO,diag_2,0.0026528495881292433
13,NO,diag_3,0.0
13,NO,number_diagnoses,-0.005327718953291594
13,NO,max_glu_serum,0.0
13,NO,A1Cresult,-0.0009595807641744799
13,NO,metformin,-0.0004145169837607339
13,NO,repaglinide,0.0
13,NO,nateglinide,0.0
13,NO,chlorpropamide,0.0
13,NO,glimepiride,-9.023398160934448e-05
13,NO,acetohexamide,0.0
13,NO,glipizide,0.0
13,NO,glyburide,-0.00012621345619360605
13,NO,tolbutamide,0.0
13,NO,pioglitazone,0.000159574465619187
13,NO,rosiglitazone,0.0
13,NO,acarbose,0.0
13,NO,miglitol,0.0
13,NO,tolazamide,0.0
13,NO,insulin,2.5131636195700285e-05
13,NO,glyburide-metformin,0.0
13,NO,change,-0.00031235006948310273
13,NO,diabetesMed,0.012904723485310854
13,NO,age_mid,-0.0007045180019405276
13,NO,weight_mid,-5.2402830786187536e-05
13,NO,weight_missing_flag,0.0006592360635598501
13,NO,is_missing__race,-0.0020332352982626958
13,NO,is_missing__payer_code,0.0004751727812820257
13,NO,is_missing__medical_specialty,0.0017069892750846138
13,NO,is_missing__diag_1,0.0
13,NO,is_missing__diag_2,0.0
13,NO,is_missing__diag_3,0.0
13,NO,is_missing__max_glu_serum,0.0
13,NO,is_missing__A1Cresult,-0.0008193109598424823
13,NO,weight_observed,0.0013398842679130014
13,NO,max_glu_serum_observed,0.0
13,NO,A1Cresult_observed,-0.00010658386680813721
13,NO,diag_1_group,-0.0041133328858349305
13,NO,diag_2_group,-0.00019082903034156606
13,NO,diag_3_group,-0.00010880020757512525
13,NO,diag_group_unique_count,0.0004187149720059624
13,NO,has_diabetes_diag,0.0017637397266096477
13,NO,has_circulatory_diag,-0.0012287383692132041
13,NO,has_respiratory_diag,-5.227824052174886e-07
13,NO,has_digestive_diag,0.00015919945306247518
13,NO,total_utilization,0.006214708503749648
13,NO,acute_utilization,0.003808813997440874
13,NO,emergency_inpatient_ratio,0.005654579649368922
13,NO,is_high_utilizer,0.0006456900801923663
13,NO,treatment_intensity,-0.0010932199656963348
13,NO,lab_proc_ratio,-0.002605538815259915
13,NO,med_lab_ratio,0.002034297833840071
13,NO,lab_per_day,-9.139896266990855e-05
13,NO,medications_per_day,0.0005917011035813102
13,NO,diagnoses_per_day,-0.0003544951064719341
13,NO,long_stay_flag,0.000813634445269884
13,NO,very_long_stay_flag,-1.7191800806245123e-05
13,NO,complexity_index,-0.00048478961818750516
13,NO,med_up_count,4.928269320062887e-05
13,NO,med_down_count,0.0001878945363892696
13,NO,med_steady_count,0.002917450335290691
13,NO,med_no_count,0.004431164719992238
13,NO,med_changed_count,-0.00016798782679770344
13,NO,any_med_change_flag,0.0002832031912273769
13,NO,on_insulin_flag,-0.0013339049700233734
13,NO,insulin_changed_flag,0.0006249240703052698
13,NO,pca_component_1,-0.0011517544173531753
13,NO,pca_component_2,0.006002146543727975
13,NO,pca_component_3,0.0006013166987233939
13,NO,pca_component_4,-0.002435252070426941
13,NO,pca_component_5,0.0003680104596747169
13,NO,pca_component_6,0.002601341447896477
13,NO,pca_component_7,0.002622148022055589
13,NO,pca_component_8,-0.0009484448366695042
13,NO,pca_cluster,0.0024397290415233974
14,NO,encounter_id,-0.03812369311021432
14,NO,patient_nbr,-0.009623196182979485
14,NO,race,0.008771130815148334
14,NO,gender,0.002039267371098219
14,NO,age,0.001838445042570432
14,NO,weight,0.0014800131320953185
14,NO,admission_type_id,0.0006002580953968772
14,NO,discharge_disposition_id,-0.014362972436679741
14,NO,admission_source_id,0.02399025174478688
14,NO,time_in_hospital,0.0002564847883251102
14,NO,payer_code,0.0031510231395562673
14,NO,medical_specialty,0.002493926841351727
14,NO,num_lab_procedures,0.0010733507159683502
14,NO,num_procedures,0.0012453904168473289
14,NO,num_medications,-0.005665108975436965
14,NO,number_outpatient,0.0005338597628805249
14,NO,number_emergency,0.0
14,NO,number_inpatient,0.0025460709714227128
14,NO,diag_1,0.0
14,NO,diag_2,0.0010194991611772175
14,NO,diag_3,0.0
14,NO,number_diagnoses,0.008057467225525103
14,NO,max_glu_serum,0.0
14,NO,A1Cresult,0.00039206693569820983
14,NO,metformin,-0.0011364171902338664
14,NO,repaglinide,0.0
14,NO,nateglinide,0.0
14,NO,chlorpropamide,0.0
14,NO,glimepiride,0.00021274532708855562
14,NO,acetohexamide,0.0
14,NO,glipizide,0.0
14,NO,glyburide,-0.00011841331919034322
14,NO,tolbutamide,0.0
14,NO,pioglitazone,0.0005826782435178757
14,NO,rosiglitazone,0.0
14,NO,acarbose,0.0
14,NO,miglitol,0.0
14,NO,tolazamide,0.0
14,NO,insulin,-0.0021526685191525416
14,NO,glyburide-metformin,0.0
14,NO,change,0.00015101354155278024
14,NO,diabetesMed,-0.002972878308759789
14,NO,age_mid,0.000640234185589672
14,NO,weight_mid,3.516818914147309e-05
14,NO,weight_missing_flag,0.0010700370702478497
14,NO,is_missing__race,0.013529288892944654
14,NO,is_missing__payer_code,0.001793661051326297
14,NO,is_missing__medical_specialty,0.0009344741702079588
14,NO,is_missing__diag_1,0.0
14,NO,is_missing__diag_2,0.0
14,NO,is_missing__diag_3,0.0
14,NO,is_missing__max_glu_serum,0.0
14,NO,is_missing__A1Cresult,7.651704880926961e-05
14,NO,weight_observed,0.0009194430377748216
14,NO,max_glu_serum_observed,0.0
14,NO,A1Cresult_observed,0.00032837606138654457
14,NO,diag_1_group,0.005340456755624871
14,NO,diag_2_group,0.002359283053212665
14,NO,diag_3_group,-0.00153069798317218
14,NO,diag_group_unique_count,-0.001509417676263373
14,NO,has_diabetes_diag,0.0016987700429227741
14,NO,has_circulatory_diag,-0.0004972869323359533
14,NO,has_respiratory_diag,0.0002603255626228244
14,NO,has_digestive_diag,6.933054990239847e-05
14,NO,total_utilization,0.005528309072057387
14,NO,acute_utilization,0.0015876084152195251
14,NO,emergency_inpatient_ratio,0.0037845836745367865
14,NO,is_high_utilizer,0.0006410311907529646
14,NO,treatment_intensity,-0.0007665554682413737
14,NO,lab_proc_ratio,0.0013822524083985284
14,NO,med_lab_ratio,-0.0027093231264087767
14,NO,lab_per_day,-0.00043883071177534355
14,NO,medications_per_day,-0.0018641120857662747
14,NO,diagnoses_per_day,-6.043662627536195e-05
14,NO,long_stay_flag,0.0014383347911967048
14,NO,very_long_stay_flag,7.046262423197429e-05
14,NO,complexity_index,0.0019532417257626666
14,NO,med_up_count,0.0003948488997088477
14,NO,med_down_count,0.0004918442832099005
14,NO,med_steady_count,0.001450437638494691
14,NO,med_no_count,-0.0013364652792612712
14,NO,med_changed_count,0.00015566373864811522
14,NO,any_med_change_flag,-0.000847693532705307
14,NO,on_insulin_flag,-0.00016416091885831005
14,NO,insulin_changed_flag,-0.0025981869548559375
14,NO,pca_component_1,-0.0012219804856512158
14,NO,pca_component_2,8.290240334143013e-05
14,NO,pca_component_3,0.001065181361304383
14,NO,pca_component_4,0.002294903207156381
14,NO,pca_component_5,0.001228249942262949
14,NO,pca_component_6,-0.0005082494268814538
14,NO,pca_component_7,0.0022805182056294857
14,NO,pca_component_8,6.771542959749244e-06
14,NO,pca_cluster,-0.001514544296595773
15,NO,encounter_id,-0.005763999496897061
15,NO,patient_nbr,0.035603245720267296
15,NO,race,-0.0019096479647689457
15,NO,gender,0.0021111803750197278
15,NO,age,0.0002626290337906882
15,NO,weight,0.00164371501240466
15,NO,admission_type_id,0.0015539646976524175
15,NO,discharge_disposition_id,-0.029113280276457487
15,NO,admission_source_id,-0.0038290408750375295
15,NO,time_in_hospital,0.000539318554931186
15,NO,payer_code,0.0003081479420264562
15,NO,medical_specialty,0.006038899016049167
15,NO,num_lab_procedures,0.0018898962686459224
15,NO,num_procedures,0.0013601626786920635
15,NO,num_medications,-0.0003236641900406882
15,NO,number_outpatient,0.0005494869417614531
15,NO,number_emergency,0.0
15,NO,number_inpatient,-0.0045811929222610015
15,NO,diag_1,0.0
15,NO,diag_2,0.010703236899442156
15,NO,diag_3,0.0
15,NO,number_diagnoses,-0.0036140280879206252
15,NO,max_glu_serum,0.0
15,NO,A1Cresult,0.00028490958114465076
15,NO,metformin,-0.0010257855885558536
15,NO,repaglinide,0.0
15,NO,nateglinide,0.0
15,NO,chlorpropamide,0.0
15,NO,glimepiride,0.00047005982034738675
15,NO,acetohexamide,0.0
15,NO,glipizide,0.0
15,NO,glyburide,-0.00014624682565530142
15,NO,tolbutamide,0.0
15,NO,pioglitazone,0.00021450945900543714
15,NO,rosiglitazone,0.0
15,NO,acarbose,0.0
15,NO,miglitol,0.0
15,NO,tolazamide,0.0
15,NO,insulin,0.00021824240684509277
15,NO,glyburide-metformin,0.0
15,NO,change,-0.00018376898434426434
15,NO,diabetesMed,-0.0037952700836790996
15,NO,age_mid,-0.001757099810573796
15,NO,weight_mid,-3.9212819602766715e-05
15,NO,weight_missing_flag,0.0009648232824272333
15,NO,is_missing__race,-0.002059728114141346
15,NO,is_missing__payer_code,5.0266790721176235e-05
15,NO,is_missing__medical_specialty,0.0004004538059234619
15,NO,is_missing__diag_1,0.0
15,NO,is_missing__diag_2,0.0
15,NO,is_missing__diag_3,0.0
15,NO,is_missing__max_glu_serum,0.0
15,NO,is_missing__A1Cresult,0.0005817680309215997
15,NO,weight_observed,0.0011478198899162833
15,NO,max_glu_serum_observed,0.0
15,NO,A1Cresult_observed,0.0004978767699665246
15,NO,diag_1_group,-0.0027207659764422187
15,NO,diag_2_group,-0.0019398631734980538
15,NO,diag_3_group,-0.0027857395923799877
15,NO,diag_group_unique_count,-0.0008606256710158392
15,NO,has_diabetes_diag,0.002052216066254516
15,NO,has_circulatory_diag,-0.00021057493156854493
15,NO,has_respiratory_diag,-0.0012285200258096058
15,NO,has_digestive_diag,-0.0036901686754491716
15,NO,total_utilization,-0.011635587447219431
15,NO,acute_utilization,-0.0032426094015439353
15,NO,emergency_inpatient_ratio,-0.008033964782953281
15,NO,is_high_utilizer,0.0006720552013979771
15,NO,treatment_intensity,-0.0008581322100427354
15,NO,lab_proc_ratio,0.0009271196193165188
15,NO,med_lab_ratio,0.0014535486698150635
15,NO,lab_per_day,0.0008585368179612751
15,NO,medications_per_day,0.0034038658357329146
15,NO,diagnoses_per_day,0.0016154061175055097
15,NO,long_stay_flag,-0.0013126693665981293
15,NO,very_long_stay_flag,-8.529383275242737e-05
15,NO,complexity_index,-0.0003699592004219506
15,NO,med_up_count,0.00017410289082262867
15,NO,med_down_count,-7.82072958018983e-05
15,NO,med_steady_count,-0.0006253175023529326
15,NO,med_no_count,-0.000755244245131829
15,NO,med_changed_count,-0.0006296568446688874
15,NO,any_med_change_flag,0.0001513175666332245
15,NO,on_insulin_flag,0.0010356209758255093
15,NO,insulin_changed_flag,0.0008511669519874662
15,NO,pca_component_1,-0.0016545326345496585
15,NO,pca_component_2,0.002097748426927467
15,NO,pca_component_3,-7.637134856649148e-05
15,NO,pca_component_4,0.0004860183431042627
15,NO,pca_component_5,0.0002817213535309023
15,NO,pca_component_6,0.0007395123442013873
15,NO,pca_component_7,0.001638658344745636
15,NO,pca_component_8,-0.00029292909635438474
15,NO,pca_cluster,0.0009941615992122288
16,NO,encounter_id,-0.03586966999702984
16,NO,patient_nbr,0.02522383878628413
16,NO,race,-0.000969609038697361
16,NO,gender,0.0026654317561123166
16,NO,age,-0.003860292542311868
16,NO,weight,0.0013117765386899312
16,NO,admission_type_id,0.0009980133424202602
16,NO,discharge_disposition_id,-0.01834003710084492
16,NO,admission_source_id,-0.002446027265654682
16,NO,time_in_hospital,-0.0016380211131440208
16,NO,payer_code,3.7768855690956116e-05
16,NO,medical_specialty,0.00569718413882786
16,NO,num_lab_procedures,0.0009197681728336607
16,NO,num_procedures,-0.00028984207246037413
16,NO,num_medications,0.007251817733049355
16,NO,number_outpatient,0.0005829313562975927
16,NO,number_emergency,0.0
16,NO,number_inpatient,0.002239503173364521
16,NO,diag_1,0.0
16,NO,diag_2,0.0010752284692393717
16,NO,diag_3,0.0
16,NO,number_diagnoses,0.0051577310595247354
16,NO,max_glu_serum,0.0
16,NO,A1Cresult,-8.71902124749413e-05
16,NO,metformin,-0.0007114362799459281
16,NO,repaglinide,0.0
16,NO,nateglinide,0.0
16,NO,chlorpropamide,0.0
16,NO,glimepiride,0.00011306007703143495
16,NO,acetohexamide,0.0
16,NO,glipizide,0.0
16,NO,glyburide,-4.6872430377561024e-05
16,NO,tolbutamide,0.0
16,NO,pioglitazone,5.4090180330812476e-05
16,NO,rosiglitazone,0.0
16,NO,acarbose,0.0
16,NO,miglitol,0.0
16,NO,tolazamide,0.0
16,NO,insulin,0.0002303562230533777
16,NO,glyburide-metformin,0.0
16,NO,change,-0.00019477535453107006
16,NO,diabetesMed,-0.0031511752555767694
16,NO,age_mid,-0.004304030082292039
16,NO,weight_mid,-6.68176346355076e-05
16,NO,weight_missing_flag,0.0009739622473716736
16,NO,is_missing__race,-0.0016718366079860325
16,NO,is_missing__payer_code,-0.001405382321940522
16,NO,is_missing__medical_specialty,-1.2972702582640197e-05
16,NO,is_missing__diag_1,0.0
16,NO,is_missing__diag_2,0.0
16,NO,is_missing__diag_3,0.0
16,NO,is_missing__max_glu_serum,0.0
16,NO,is_missing__A1Cresult,0.00025730228258504423
16,NO,weight_observed,0.0006906868269046518
16,NO,max_glu_serum_observed,0.0
16,NO,A1Cresult_observed,0.000166981170574824
16,NO,diag_1_group,0.001970465398497064
16,NO,diag_2_group,-0.0015198671155506143
16,NO,diag_3_group,0.000528919407063085
16,NO,diag_group_unique_count,-0.0005543743156724382
16,NO,has_diabetes_diag,-0.004166409994165121
16,NO,has_circulatory_diag,0.0016100661208232243
16,NO,has_respiratory_diag,0.0003676927751964931
16,NO,has_digestive_diag,0.00011256751086978027
16,NO,total_utilization,0.003211730056338865
16,NO,acute_utilization,0.0028748626096381327
16,NO,emergency_inpatient_ratio,0.005615069427424031
16,NO,is_high_utilizer,0.000486768782138806
16,NO,treatment_intensity,0.0006707047836647847
16,NO,lab_proc_ratio,-0.0012227520346641356
16,NO,med_lab_ratio,0.006445771911078054
16,NO,lab_per_day,0.0001482988397280375
16,NO,medications_per_day,0.001250889566209575
16,NO,diagnoses_per_day,0.0018350047369798024
16,NO,long_stay_flag,-0.0015635130306085137
16,NO,very_long_stay_flag,-5.775317549707356e-05
16,NO,complexity_index,-0.0011238267438279381
16,NO,med_up_count,0.00031278779109320903
16,NO,med_down_count,-0.0003268859452671413
16,NO,med_steady_count,-0.000809365469548425
16,NO,med_no_count,-0.0011838003993034547
16,NO,med_changed_count,-0.00020435907774501993
16,NO,any_med_change_flag,0.00029960233304232586
16,NO,on_insulin_flag,0.00047227326366638955
16,NO,insulin_changed_flag,0.0004185177385807222
16,NO,pca_component_1,-0.0021250289347436815
16,NO,pca_component_2,0.002288114486469169
16,NO,pca_component_3,-8.538158403514906e-06
16,NO,pca_component_4,0.0002955589443445021
16,NO,pca_component_5,0.000734976182381312
16,NO,pca_component_6,0.0011598821729421431
16,NO,pca_component_7,-0.0002260241243574231
16,NO,pca_component_8,0.0003268311007155374
16,NO,pca_cluster,0.0010818143685658959
17,NO,encounter_id,-0.042419711541798376
17,NO,patient_nbr,0.03451733829246625
17,NO,race,0.00026651596029599506
17,NO,gender,-0.0011115264561441147
17,NO,age,-0.0023136943992641545
17,NO,weight,0.0016001123521062939
17,NO,admission_type_id,0.0013915250698725197
17,NO,discharge_disposition_id,0.007522416404551942
17,NO,admission_source_id,-0.003930653962824086
17,NO,time_in_hospital,-3.951084282656965e-06
17,NO,payer_code,0.00012526909510292747
17,NO,medical_specialty,0.007388990786340495
17,NO,num_lab_procedures,0.00042028870019646575
17,NO,num_procedures,-0.0003696882890330359
17,NO,num_medications,0.0019374241431553973
17,NO,number_outpatient,0.0006725142399469641
17,NO,number_emergency,0.0
17,NO,number_inpatient,0.0031338447911871867
17,NO,diag_1,0.0
17,NO,diag_2,0.004794152246581159
17,NO,diag_3,0.0
17,NO,number_diagnoses,-0.004457407320539157
17,NO,max_glu_serum,0.0
17,NO,A1Cresult,-0.0021250305904282527
17,NO,metformin,0.0003444076412254156
17,NO,repaglinide,0.0
17,NO,nateglinide,0.0
17,NO,chlorpropamide,0.0
17,NO,glimepiride,-0.003738263001044554
17,NO,acetohexamide,0.0
17,NO,glipizide,0.0
17,NO,glyburide,-0.00022354349493978556
17,NO,tolbutamide,0.0
17,NO,pioglitazone,0.00017913348144954488
17,NO,rosiglitazone,0.0
17,NO,acarbose,0.0
17,NO,miglitol,0.0
17,NO,tolazamide,0.0
17,NO,insulin,0.0002074854241477242
17,NO,glyburide-metformin,0.0
17,NO,change,0.0010455445282988955
17,NO,diabetesMed,-0.0033804321040709815
17,NO,age_mid,0.0016048521631293888
17,NO,weight_mid,0.000151914027002135
17,NO,weight_missing_flag,0.0008165788733296986
17,NO,is_missing__race,-0.0013741627335548217
17,NO,is_missing__payer_code,0.001071203086111287
17,NO,is_missing__medical_specialty,0.00023384102516704752
17,NO,is_missing__diag_1,0.0
17,NO,is_missing__diag_2,0.0
17,NO,is_missing__diag_3,0.0
17,NO,is_missing__max_glu_serum,0.0
17,NO,is_missing__A1Cresult,-0.0018487796187401002
17,NO,weight_observed,0.0013087176614337375
17,NO,max_glu_serum_observed,0.0
17,NO,A1Cresult_observed,-0.0012482381943199246
17,NO,diag_1_group,-0.0018016704254680087
17,NO,diag_2_group,-0.0006925229811005998
17,NO,diag_3_group,-0.001014710507459086
17,NO,diag_group_unique_count,0.004634018366535504
17,NO,has_diabetes_diag,0.002072598371240834
17,NO,has_circulatory_diag,-0.0010646345714727667
17,NO,has_respiratory_diag,-0.0002723907430967065
17,NO,has_digestive_diag,0.00032087746593686034
17,NO,total_utilization,0.004942065104842168
17,NO,acute_utilization,0.001847234658069093
17,NO,emergency_inpatient_ratio,0.0037246847318278173
17,NO,is_high_utilizer,0.00019179574317399842
17,NO,treatment_intensity,1.9366542498326183e-05
17,NO,lab_proc_ratio,-0.0020565198113520755
17,NO,med_lab_ratio,0.0013461251639657796
17,NO,lab_per_day,0.0016212229513459613
17,NO,medications_per_day,0.00038482621312143267
17,NO,diagnoses_per_day,-0.00042395190232328667
17,NO,long_stay_flag,0.0011133688191572826
17,NO,very_long_stay_flag,-0.00010587481988803364
17,NO,complexity_index,-0.0005654951350556418
17,NO,med_up_count,6.913683480685995e-05
17,NO,med_down_count,-0.0002736850745147697
17,NO,med_steady_count,-0.0011728043771452497
17,NO,med_no_count,-0.0018364288326766693
17,NO,med_changed_count,-0.0003967382427719028
17,NO,any_med_change_flag,0.00032564935584863025
17,NO,on_insulin_flag,0.0006729751411411559
17,NO,insulin_changed_flag,0.00031811702582570006
17,NO,pca_component_1,0.0001415769673055641
17,NO,pca_component_2,0.004898052662611026
17,NO,pca_component_3,0.0015063037474949785
17,NO,pca_component_4,-0.00017343978914950245
17,NO,pca_component_5,-0.00036154708100690397
17,NO,pca_component_6,-0.0004397469262282054
17,NO,pca_component_7,-0.000826571136713028
17,NO,pca_component_8,-0.0012560813791221797
17,NO,pca_cluster,0.003060708857244928
18,NO,encounter_id,-0.047880845558312214
18,NO,patient_nbr,0.019844803338249544
18,NO,race,-0.005963730936249079
18,NO,gender,-0.0019258475965923856
18,NO,age,0.0038863393581575756
18,NO,weight,0.0013372687002023247
18,NO,admission_type_id,0.00047025105191600414
18,NO,discharge_disposition_id,-0.018811046870218395
18,NO,admission_source_id,-0.002810750777522686
18,NO,time_in_hospital,-0.0010471039762099583
18,NO,payer_code,0.001144765151871563
18,NO,medical_specialty,0.004379608978827758
18,NO,num_lab_procedures,0.0014067834450139
18,NO,num_procedures,0.0011924273437923978
18,NO,num_medications,-0.00713812994460263
18,NO,number_outpatient,0.0004148899267116997
18,NO,number_emergency,0.0
18,NO,number_inpatient,0.004122068691584786
18,NO,diag_1,0.0
18,NO,diag_2,-0.011949035442537745
18,NO,diag_3,0.0
18,NO,number_diagnoses,-0.005866326805618068
18,NO,max_glu_serum,0.0
18,NO,A1Cresult,-0.002683794332875152
18,NO,metformin,0.00837772194710044
18,NO,repaglinide,0.0
18,NO,nateglinide,0.0
18,NO,chlorpropamide,0.0
18,NO,glimepiride,0.0006432142108678632
18,NO,acetohexamide,0.0
18,NO,glipizide,0.0
18,NO,glyburide,-0.00024544820189476013
18,NO,tolbutamide,0.0
18,NO,pioglitazone,1.1060179935536615e-05
18,NO,rosiglitazone,0.0
18,NO,acarbose,0.0
18,NO,miglitol,0.0
18,NO,tolazamide,0.0
18,NO,insulin,-0.0037595635900895172
18,NO,glyburide-metformin,0.0
18,NO,change,0.0015614581190877368
18,NO,diabetesMed,-0.0027296832866139007
18,NO,age_mid,-0.0007243967718548183
18,NO,weight_mid,-3.5454001691600144e-05
18,NO,weight_missing_flag,0.0010875707699192956
18,NO,is_missing__race,-0.0024360145131746926
18,NO,is_missing__payer_code,-0.0004943321562475752
18,NO,is_missing__medical_specialty,-0.00021139325367082926
18,NO,is_missing__diag_1,0.0
18,NO,is_missing__diag_2,0.0
18,NO,is_missing__diag_3,0.0
18,NO,is_missing__max_glu_serum,0.0
18,NO,is_missing__A1Cresult,-0.0008500663356648489
18,NO,weight_observed,0.0012014274381929035
18,NO,max_glu_serum_observed,0.0
18,NO,A1Cresult_observed,-0.0019109671314557393
18,NO,diag_1_group,-0.00019963023563226065
18,NO,diag_2_group,-0.0011875018891361333
18,NO,diag_3_group,-0.0007863371736473631
18,NO,diag_group_unique_count,0.0016607793254984626
18,NO,has_diabetes_diag,-0.003171521756384114
18,NO,has_circulatory_diag,-0.00222859428160721
18,NO,has_respiratory_diag,0.00015747795502344766
18,NO,has_digestive_diag,4.4289769397853895e-05
18,NO,total_utilization,0.00545534388058716
18,NO,acute_utilization,0.0028553491251336327
18,NO,emergency_inpatient_ratio,0.005185795947909355
18,NO,is_high_utilizer,7.08423968818576e-05
18,NO,treatment_intensity,-0.0008482970297336393
18,NO,lab_proc_ratio,0.0009420787294705709
18,NO,med_lab_ratio,-0.0026725319524605884
18,NO,lab_per_day,0.00022578425705432892
18,NO,medications_per_day,-0.0007578745070431029
18,NO,diagnoses_per_day,0.0009225499298837573
18,NO,long_stay_flag,-0.0027277657969130287
18,NO,very_long_stay_flag,0.00022713136341836102
18,NO,complexity_index,-0.0022122961365514393
18,NO,med_up_count,-0.0014554719544119614
18,NO,med_down_count,0.0011583550108803704
18,NO,med_steady_count,-0.00028347141212888466
18,NO,med_no_count,-0.00032281544473433677
18,NO,med_changed_count,0.0005531031638384235
18,NO,any_med_change_flag,-0.0004931797997819176
18,NO,on_insulin_flag,0.0016293403589063098
18,NO,insulin_changed_flag,-0.0022421437833043956
18,NO,pca_component_1,-0.006097595724794587
18,NO,pca_component_2,0.003323407222827257
18,NO,pca_component_3,0.0025950866854853225
18,NO,pca_component_4,0.0015696212649345582
18,NO,pca_component_5,-0.0002575874742534179
18,NO,pca_component_6,-0.00036924001243382465
18,NO,pca_component_7,-0.0013994119233555018
18,NO,pca_component_8,-0.0016907670845588048
18,NO,pca_cluster,0.0003680584745274773
19,NO,encounter_id,0.05470082412163415
19,NO,patient_nbr,0.001096906140446663
19,NO,race,0.005624032475882075
19,NO,gender,0.0015746495789952057
19,NO,age,0.005317007915841203
19,NO,weight,0.0008760367830594196
19,NO,admission_type_id,0.000726670440700313
19,NO,discharge_disposition_id,-0.010649926960468273
19,NO,admission_source_id,-0.002768276052342533
19,NO,time_in_hospital,0.0006436086777183806
19,NO,payer_code,-0.00317697268393304
19,NO,medical_specialty,-0.0008852192097240086
19,NO,num_lab_procedures,-0.0009214553154177074
19,NO,num_procedures,0.0009930276622374667
19,NO,num_medications,0.001937047474914133
19,NO,number_outpatient,0.0003337690399752476
19,NO,number_emergency,0.0
19,NO,number_inpatient,0.002804093062877655
19,NO,diag_1,0.0
19,NO,diag_2,0.007704636909895461
19,NO,diag_3,0.0
19,NO,number_diagnoses,-0.0026950130446089515
19,NO,max_glu_serum,0.0
19,NO,A1Cresult,0.00043252545098463696
19,NO,metformin,-0.0007754746410582047
19,NO,repaglinide,0.0
19,NO,nateglinide,0.0
19,NO,chlorpropamide,0.0
19,NO,glimepiride,8.1390556361934e-05
19,NO,acetohexamide,0.0
19,NO,glipizide,0.0
19,NO,glyburide,-0.0001767033504115149
19,NO,tolbutamide,0.0
19,NO,pioglitazone,0.0002291893793476644
19,NO,rosiglitazone,0.0
19,NO,acarbose,0.0
19,NO,miglitol,0.0
19,NO,tolazamide,0.0
19,NO,insulin,0.00027851470642616577
19,NO,glyburide-metformin,0.0
19,NO,change,-0.0004606230391396293
19,NO,diabetesMed,-0.002860924435986419
19,NO,age_mid,0.0022169564747147783
19,NO,weight_mid,-0.00011952511138389281
19,NO,weight_missing_flag,0.000633859386046746
19,NO,is_missing__race,-0.0014189630746841246
19,NO,is_missing__payer_code,-0.0002443144718806319
19,NO,is_missing__medical_specialty,-0.0005111835069126306
19,NO,is_missing__diag_1,0.0
19,NO,is_missing__diag_2,0.0
19,NO,is_missing__diag_3,0.0
19,NO,is_missing__max_glu_serum,0.0
19,NO,is_missing__A1Cresult,0.00016088907917340597
19,NO,weight_observed,0.0006427835259172529
19,NO,max_glu_serum_observed,0.0
19,NO,A1Cresult_observed,0.00024063843819830769
19,NO,diag_1_group,-0.0026555849860112244
19,NO,diag_2_group,0.0010783933103084564
19,NO,diag_3_group,-0.0018254234972927181
19,NO,diag_group_unique_count,0.0009185990525616602
19,NO,has_diabetes_diag,0.0011371725963221595
19,NO,has_circulatory_diag,-0.0008094997869597479
19,NO,has_respiratory_diag,6.756434837995595e-06
19,NO,has_digestive_diag,0.00014252629545001097
19,NO,total_utilization,0.0030857560535271777
19,NO,acute_utilization,0.0009224644551674525
19,NO,emergency_inpatient_ratio,0.002131691202521324
19,NO,is_high_utilizer,0.00041063999136290813
19,NO,treatment_intensity,0.000935980636212567
19,NO,lab_proc_ratio,0.003424483868810909
19,NO,med_lab_ratio,-0.0025956504460838046
19,NO,lab_per_day,0.0004558492865827472
19,NO,medications_per_day,-0.0008873411764701208
19,NO,diagnoses_per_day,-0.0015590161912971134
19,NO,long_stay_flag,0.001691288004318836
19,NO,very_long_stay_flag,3.280325068368469e-05
19,NO,complexity_index,0.0007132144851817087
19,NO,med_up_count,0.00018911518984371378
19,NO,med_down_count,-6.982684135437012e-05
19,NO,med_steady_count,-0.00029387159479985864
19,NO,med_no_count,-0.000769733968708238
19,NO,med_changed_count,-4.908525281481039e-05
19,NO,any_med_change_flag,-0.0001272749569681264
19,NO,on_insulin_flag,5.032246311503785e-05
19,NO,insulin_changed_flag,0.0003955774009227568
19,NO,pca_component_1,0.0028893390877379557
19,NO,pca_component_2,-0.0014331945114665807
19,NO,pca_component_3,7.38952722817432e-06
19,NO,pca_component_4,0.0017874454044633874
19,NO,pca_component_5,-0.0004292134609487445
19,NO,pca_component_6,-0.0006969956060250415
19,NO,pca_component_7,-0.0005126527200142358
19,NO,pca_component_8,-0.0004521742877033145
19,NO,pca_cluster,0.0015995771520667852
20,NO,encounter_id,-0.01754624437954692
20,NO,patient_nbr,0.023126738352908
20,NO,race,0.0012039583590295517
20,NO,gender,0.002518319007423183
20,NO,age,-0.0013286479645305271
20,NO,weight,0.0011755153536796754
20,NO,admission_type_id,-0.0004979837685823255
20,NO,discharge_disposition_id,-0.004374502847592054
20,NO,admission_source_id,0.0013879452728562947
20,NO,time_in_hospital,0.0005278483861022402
20,NO,payer_code,0.0014250849684079487
20,NO,medical_specialty,0.0017239844633473167
20,NO,num_lab_procedures,0.0002261081503497353
20,NO,num_procedures,-0.0016919297890530816
20,NO,num_medications,-0.004127933954199174
20,NO,number_outpatient,0.0005439279807938716
20,NO,number_emergency,0.0
20,NO,number_inpatient,0.0004452249656120936
20,NO,diag_1,0.0
20,NO,diag_2,0.0035397298634052277
20,NO,diag_3,0.0
20,NO,number_diagnoses,-0.002609682993756394
20,NO,max_glu_serum,0.0
20,NO,A1Cresult,0.0007811677124765307
20,NO,metformin,-0.00010519350568453471
20,NO,repaglinide,0.0
20,NO,nateglinide,0.0
20,NO,chlorpropamide,0.0
20,NO,glimepiride,0.00034678727388383807
20,NO,acetohexamide,0.0
20,NO,glipizide,0.0
20,NO,glyburide,9.243852562373922e-05
20,NO,tolbutamide,0.0
20,NO,pioglitazone,0.0003801925728718625
20,NO,rosiglitazone,0.0
20,NO,acarbose,0.0
20,NO,miglitol,0.0
20,NO,tolazamide,0.0
20,NO,insulin,0.00044462995396719424
20,NO,glyburide-metformin,0.0
20,NO,change,-0.000457669918735822
20,NO,diabetesMed,0.009426321213444075
20,NO,age_mid,0.000635503480831782
20,NO,weight_mid,0.00014275312423704203
20,NO,weight_missing_flag,0.0008747896386517481
20,NO,is_missing__race,-0.0012242140041457406
20,NO,is_missing__payer_code,0.0005912333726882749
20,NO,is_missing__medical_specialty,-0.00021630215148132903
20,NO,is_missing__diag_1,0.0
20,NO,is_missing__diag_2,0.0
20,NO,is_missing__diag_3,0.0
20,NO,is_missing__max_glu_serum,0.0
20,NO,is_missing__A1Cresult,0.0008498513036304112
20,NO,weight_observed,0.0009868132571379344
20,NO,max_glu_serum_observed,0.0
20,NO,A1Cresult_observed,0.000613681972026825
20,NO,diag_1_group,0.0033672565801276346
20,NO,diag_2_group,0.0029933899641037174
20,NO,diag_3_group,0.004669338878658076
20,NO,diag_group_unique_count,0.0011201053857803345
20,NO,has_diabetes_diag,0.002485605163706698
20,NO,has_circulatory_diag,-0.00022968070374599728
20,NO,has_respiratory_diag,-0.00030333383215798887
20,NO,has_digestive_diag,0.0001861693130599066
20,NO,total_utilization,0.0027414510647455668
20,NO,acute_utilization,0.0013304909484254297
20,NO,emergency_inpatient_ratio,0.001272853877809325
20,NO,is_high_utilizer,0.0004495866596698576
20,NO,treatment_intensity,-0.0005369765890968862
20,NO,lab_proc_ratio,-0.00038403996990786043
20,NO,med_lab_ratio,-0.002002116085754513
20,NO,lab_per_day,0.0011520499570502236
20,NO,medications_per_day,0.0012158832202354881
20,NO,diagnoses_per_day,0.001604634440607507
20,NO,long_stay_flag,-0.0025582804034153437
20,NO,very_long_stay_flag,-0.0004431895083851223
20,NO,complexity_index,-0.003601663435498892
20,NO,med_up_count,0.0001317945619424369
20,NO,med_down_count,-3.571891122394755e-05
20,NO,med_steady_count,0.0008782669901848025
20,NO,med_no_count,0.0034442531565825143
20,NO,med_changed_count,-1.6508830918212276e-05
20,NO,any_med_change_flag,0.00013519616590607075
20,NO,on_insulin_flag,-0.0019133836030960083
20,NO,insulin_changed_flag,0.000645210345586141
20,NO,pca_component_1,-0.0026579242613580614
20,NO,pca_component_2,0.0009354448152913234
20,NO,pca_component_3,-0.0034949282805125104
20,NO,pca_component_4,0.002453093727429726
20,NO,pca_component_5,0.0005484279245138354
20,NO,pca_component_6,-0.00020834203395579212
20,NO,pca_component_7,0.0009554144408967699
20,NO,pca_component_8,-0.00017937645316127662
20,NO,pca_cluster,0.0005107060488727111
21,NO,encounter_id,0.05056884595089487
21,NO,patient_nbr,-0.014525648413432993
21,NO,race,0.0073989954673581715
21,NO,gender,-0.0010877497908142002
21,NO,age,-0.0028476210104094735
21,NO,weight,0.001186295102039973
21,NO,admission_type_id,0.001232544581095359
21,NO,discharge_disposition_id,-0.022045829436845243
21,NO,admission_source_id,-0.0034612185425228668
21,NO,time_in_hospital,0.00020603421661587648
21,NO,payer_code,0.0028723710113101784
21,NO,medical_specialty,0.002664425720771154
21,NO,num_lab_procedures,0.00032549806767040446
21,NO,num_procedures,8.41038094626471e-05
21,NO,num_medications,0.0035074464976787754
21,NO,number_outpatient,0.00041896311773196676
21,NO,number_emergency,0.0
21,NO,number_inpatient,-0.005417690301934878
21,NO,diag_1,0.0
21,NO,diag_2,-0.009178313737114252
21,NO,diag_3,0.0
21,NO,number_diagnoses,0.004332515721519807
21,NO,max_glu_serum,0.0
21,NO,A1Cresult,0.00043897537721524865
21,NO,metformin,-0.0009737039605776469
21,NO,repaglinide,0.0
21,NO,nateglinide,0.0
21,NO,chlorpropamide,0.0
21,NO,glimepiride,-0.003701108404331762
21,NO,acetohexamide,0.0
21,NO,glipizide,0.0
21,NO,glyburide,-4.916079342365265e-05
21,NO,tolbutamide,0.0
21,NO,pioglitazone,0.00030738777584499166
21,NO,rosiglitazone,0.0
21,NO,acarbose,0.0
21,NO,miglitol,0.0
21,NO,tolazamide,0.0
21,NO,insulin,0.0015502251270744782
21,NO,glyburide-metformin,0.0
21,NO,change,-0.0004784272362788518
21,NO,diabetesMed,-0.003656908041901071
21,NO,age_mid,0.00044682911700673805
21,NO,weight_mid,-8.934508595202321e-05
21,NO,weight_missing_flag,0.0008902409010463352
21,NO,is_missing__race,-0.0016810097214248014
21,NO,is_missing__payer_code,0.0010253892590602425
21,NO,is_missing__medical_specialty,0.000628801269663711
21,NO,is_missing__diag_1,0.0
21,NO,is_missing__diag_2,0.0
21,NO,is_missing__diag_3,0.0
21,NO,is_missing__max_glu_serum,0.0
21,NO,is_missing__A1Cresult,0.00043504084977839347
21,NO,weight_observed,0.0007850858900282179
21,NO,max_glu_serum_observed,0.0
21,NO,A1Cresult_observed,0.00042572534746591434
21,NO,diag_1_group,-0.0029878028564982637
21,NO,diag_2_group,-0.001180938341551363
21,NO,diag_3_group,-0.0011307129429446265
21,NO,diag_group_unique_count,0.000766481376356524
21,NO,has_diabetes_diag,0.002565374390946488
21,NO,has_circulatory_diag,-0.000807318629490017
21,NO,has_respiratory_diag,0.0010826194451914832
21,NO,has_digestive_diag,0.00010526614884533621
21,NO,total_utilization,-0.008933867431349237
21,NO,acute_utilization,-0.005517554779847426
21,NO,emergency_inpatient_ratio,-0.00907443049881194
21,NO,is_high_utilizer,0.00027690620885956196
21,NO,treatment_intensity,-5.4171929757170405e-06
21,NO,lab_proc_ratio,-0.003462961150540215
21,NO,med_lab_ratio,0.0027583235253890357
21,NO,lab_per_day,0.0006400574412610734
21,NO,medications_per_day,0.0009828812132278892
21,NO,diagnoses_per_day,0.0005901975350247612
21,NO,long_stay_flag,2.395216789509898e-05
21,NO,very_long_stay_flag,-5.820434954428855e-05
21,NO,complexity_index,0.0016529166864024576
21,NO,med_up_count,0.00016904042826759724
21,NO,med_down_count,-0.00018071962727439495
21,NO,med_steady_count,-0.0007622693147924334
21,NO,med_no_count,-0.0011956052233775643
21,NO,med_changed_count,-0.00032399449911381845
21,NO,any_med_change_flag,0.0002797550211349938
21,NO,on_insulin_flag,-0.0015748836514022369
21,NO,insulin_changed_flag,0.0005713130036989847
21,NO,pca_component_1,0.0011711561431487216
21,NO,pca_component_2,-0.0018880967464712055
21,NO,pca_component_3,0.0010691210627555847
21,NO,pca_component_4,-0.0009132006929980507
21,NO,pca_component_5,0.0002819508728053958
21,NO,pca_component_6,0.0011266453398598626
21,NO,pca_component_7,0.0006976690557267684
21,NO,pca_component_8,0.001007845625281334
21,NO,pca_cluster,-0.0003610327839851564
22,NO,encounter_id,0.032621645679076515
22,NO,patient_nbr,-0.013414354167050798
22,NO,race,0.007617297478848002
22,NO,gender,-0.0012913693984349568
22,NO,age,0.0008631404489278793
22,NO,weight,0.0013421624898910707
22,NO,admission_type_id,0.00028208105100524516
22,NO,discharge_disposition_id,-0.02292141194144885
22,NO,admission_source_id,-0.005310381452242496
22,NO,time_in_hospital,-9.936342636744182e-05
22,NO,payer_code,-0.003289925969309271
22,NO,medical_specialty,-0.002362527367141524
22,NO,num_lab_procedures,-0.0037566386163234524
22,NO,num_procedures,-0.0017659825583298816
22,NO,num_medications,-0.000814218901925623
22,NO,number_outpatient,0.0005006454885005581
22,NO,number_emergency,0.0
22,NO,number_inpatient,0.0027642310079601198
22,NO,diag_1,0.0
22,NO,diag_2,-0.0005433948503600164
22,NO,diag_3,0.0
22,NO,number_diagnoses,-0.004180504630009352
22,NO,max_glu_serum,0.0
22,NO,A1Cresult,0.000384054043226741
22,NO,metformin,-0.0008818118108643302
22,NO,repaglinide,0.0
22,NO,nateglinide,0.0
22,NO,chlorpropamide,0.0
22,NO,glimepiride,6.376620795991068e-05
22,NO,acetohexamide,0.0
22,NO,glipizide,0.0
22,NO,glyburide,0.00017376244068145752
22,NO,tolbutamide,0.0
22,NO,pioglitazone,-6.76119493113007e-06
22,NO,rosiglitazone,0.0
22,NO,acarbose,0.0
22,NO,miglitol,0.0
22,NO,tolazamide,0.0
22,NO,insulin,0.0010455757793453129
22,NO,glyburide-metformin,0.0
22,NO,change,-0.0017875424689716886
22,NO,diabetesMed,-0.004214155177275321
22,NO,age_mid,-0.0016166971375545236
22,NO,weight_mid,7.700382007495381e-05
22,NO,weight_missing_flag,0.0007157238821188424
22,NO,is_missing__race,0.0052675714509355
22,NO,is_missing__payer_code,-0.0011603229989608128
22,NO,is_missing__medical_specialty,-0.001454593613743782
22,NO,is_missing__diag_1,0.0
22,NO,is_missing__diag_2,0.0
22,NO,is_missing__diag_3,0.0
22,NO,is_missing__max_glu_serum,0.0
22,NO,is_missing__A1Cresult,8.87602153751832e-05
22,NO,weight_observed,0.0008170939981937594
22,NO,max_glu_serum_observed,0.0
22,NO,A1Cresult_observed,1.5245336625335781e-05
22,NO,diag_1_group,-0.0004744244118531545
22,NO,diag_2_group,-0.00023277186685137044
22,NO,diag_3_group,-0.0009530422588189628
22,NO,diag_group_unique_count,-0.0012573899908198682
22,NO,has_diabetes_diag,0.001281287107202748
22,NO,has_circulatory_diag,-0.0011434054209126798
22,NO,has_respiratory_diag,-0.004827795136306046
22,NO,has_digestive_diag,2.164062526492187e-05
22,NO,total_utilization,0.00542049544552962
22,NO,acute_utilization,0.0016951213280359718
22,NO,emergency_inpatient_ratio,0.003119981123341479
22,NO,is_high_utilizer,0.0007594592041439419
22,NO,treatment_intensity,-0.000330862071779033
22,NO,lab_proc_ratio,0.002395176432198961
22,NO,med_lab_ratio,-0.006049578595492581
22,NO,lab_per_day,-0.0012959014210436142
22,NO,medications_per_day,-0.00016621355381276257
22,NO,diagnoses_per_day,-0.0003071377674738751
22,NO,long_stay_flag,0.0012817151016659516
22,NO,very_long_stay_flag,-4.017891155346417e-05
22,NO,complexity_index,-0.001025582353274009
22,NO,med_up_count,9.494171374374583e-05
22,NO,med_down_count,-0.00011043209168646688
22,NO,med_steady_count,-0.001280789573987325
22,NO,med_no_count,-0.0016686790105369294
22,NO,med_changed_count,-0.00028552777237361715
22,NO,any_med_change_flag,-5.751227339105084e-05
22,NO,on_insulin_flag,0.0012515617741478875
22,NO,insulin_changed_flag,0.0003618918773200715
22,NO,pca_component_1,0.0024954715950621007
22,NO,pca_component_2,-0.0022243658701578775
22,NO,pca_component_3,-0.0016793045732709972
22,NO,pca_component_4,0.00402194323639075
22,NO,pca_component_5,0.0007607516729169298
22,NO,pca_component_6,-0.003180368493000685
22,NO,pca_component_7,-0.0007619748098982767
22,NO,pca_component_8,-0.000579084373182733
22,NO,pca_cluster,-0.0009908175302876614
23,NO,encounter_id,0.05919005059533652
23,NO,patient_nbr,-0.0075452124906910485
23,NO,race,-0.0020767141961388624
23,NO,gender,-0.0014294427302148545
23,NO,age,0.0031194241924418407
23,NO,weight,0.0011748116877344228
23,NO,admission_type_id,-0.005807561592923283
23,NO,discharge_disposition_id,-0.017453049619992538
23,NO,admission_source_id,0.0014729915807644896
23,NO,time_in_hospital,0.0010555444492234185
23,NO,payer_code,0.0022671934631135295
23,NO,medical_specialty,-0.0008067029217879162
23,NO,num_lab_procedures,-0.0012900744461350848
23,NO,num_procedures,-0.0012401040229532145
23,NO,num_medications,-0.004346693141592861
23,NO,number_outpatient,0.0003839246928691864
23,NO,number_emergency,0.0
23,NO,number_inpatient,0.00388101529743932
23,NO,diag_1,0.0
23,NO,diag_2,0.004153110293878419
23,NO,diag_3,0.0
23,NO,number_diagnoses,-0.0031356786688168845
23,NO,max_glu_serum,0.0
23,NO,A1Cresult,0.00030683519111736796
23,NO,metformin,-0.0008793181429306666
23,NO,repaglinide,0.0
23,NO,nateglinide,0.0
23,NO,chlorpropamide,0.0
23,NO,glimepiride,0.00023448653519151744
23,NO,acetohexamide,0.0
23,NO,glipizide,0.0
23,NO,glyburide,-1.8280827336902838e-06
23,NO,tolbutamide,0.0
23,NO,pioglitazone,0.00014135779605968976
23,NO,rosiglitazone,0.0
23,NO,acarbose,0.0
23,NO,miglitol,0.0
23,NO,tolazamide,0.0
23,NO,insulin,-0.0034941691491339
23,NO,glyburide-metformin,0.0
23,NO,change,0.0007134969863626384
23,NO,diabetesMed,-0.0032902006059885025
23,NO,age_mid,0.0010285598950253716
23,NO,weight_mid,0.00019939678410689035
23,NO,weight_missing_flag,0.000882651242944917
23,NO,is_missing__race,-0.00182189585434069
23,NO,is_missing__payer_code,0.0013463447491328107
23,NO,is_missing__medical_specialty,-0.00021102072464096455
23,NO,is_missing__diag_1,0.0
23,NO,is_missing__diag_2,0.0
23,NO,is_missing__diag_3,0.0
23,NO,is_missing__max_glu_serum,0.0
23,NO,is_missing__A1Cresult,0.0006498278429110845
23,NO,weight_observed,0.0008025833715995153
23,NO,max_glu_serum_observed,0.0
23,NO,A1Cresult_observed,0.00041513165665998014
23,NO,diag_1_group,-0.002225689176056126
23,NO,diag_2_group,0.0015135616477992924
23,NO,diag_3_group,8.843218286834024e-05
23,NO,diag_group_unique_count,-0.0012752179884248371
23,NO,has_diabetes_diag,0.0011017067978779476
23,NO,has_circulatory_diag,0.001229490670892915
23,NO,has_respiratory_diag,0.0005386451052295146
23,NO,has_digestive_diag,0.0002037506136629378
23,NO,total_utilization,0.0054501055015457696
23,NO,acute_utilization,0.002965063063634773
23,NO,emergency_inpatient_ratio,0.0050456906772322245
23,NO,is_high_utilizer,0.0006592857340971628
23,NO,treatment_intensity,0.0006579166899124966
23,NO,lab_proc_ratio,0.0013832737588220234
23,NO,med_lab_ratio,-0.0031770743015739713
23,NO,lab_per_day,5.222318900954814e-05
23,NO,medications_per_day,-0.0020749560660786037
23,NO,diagnoses_per_day,-0.0005030965225564047
23,NO,long_stay_flag,0.0011097964727216358
23,NO,very_long_stay_flag,-2.979487180709839e-05
23,NO,complexity_index,-3.681414657169535e-05
23,NO,med_up_count,-0.001243496106730561
23,NO,med_down_count,-8.041991127860637e-05
23,NO,med_steady_count,0.0011314933912621357
23,NO,med_no_count,-0.0009868130501773746
23,NO,med_changed_count,0.000602471124794742
23,NO,any_med_change_flag,-0.0009400453418493456
23,NO,on_insulin_flag,0.00043126257757347686
23,NO,insulin_changed_flag,-0.0030527917875184016
23,NO,pca_component_1,-0.0009527432007922498
23,NO,pca_component_2,-0.002275936719444075
23,NO,pca_component_3,0.0011949415008227031
23,NO,pca_component_4,0.0019391443994310105
23,NO,pca_component_5,0.0007355070362488428
23,NO,pca_component_6,0.0003083050251006895
23,NO,pca_component_7,0.00022765352494186208
23,NO,pca_component_8,0.00023317978613908905
23,NO,pca_cluster,-0.0004296780874331792
